"section","symbol","instrument_type","industry_id","unit","source_date","source_time","updated_at","fetched_at"
"crypto","ADA","","","usd","","","2026-10-02T13:23:09.289+00:00","1790947389201"
"crypto","ATOM","","","usd","","","2026-10-02T13:23:09.289+00:00","1790947389201"
"crypto","AVAX","","","usd","","","2026-10-02T13:23:09.289+00:00","1790947389201"
"crypto","BNB","","","usd","","","2026-10-02T13:23:09.289+00:00","1790947389201"
"crypto","BTC","","","usd","","","2026-10-02T13:23:09.289+00:00","1790947389201"
"crypto","DOGE","","","usd","","","2026-10-02T13:23:09.289+00:00","1790947389201"
"crypto","DOT","","","usd","","","2026-10-02T13:23:09.289+00:00","1790947389201"
"crypto","ETH","","","usd","","","2026-10-02T13:23:09.289+00:00","1790947389201"
"crypto","FIL","","","usd","","","2026-10-02T13:23:09.289+00:00","1790947389201"
"crypto","LINK","","","usd","","","2026-10-02T13:23:09.289+00:00","1790947389201"
"crypto","LTC","","","usd","","","2026-10-02T13:23:09.289+00:00","1790947389201"
"crypto","SHIB","","","usd","","","2026-10-02T13:23:09.289+00:00","1790947389201"
"crypto","SOL","","","usd","","","2026-10-02T13:23:09.289+00:00","1790947389201"
"crypto","TRX","","","usd","","","2026-10-02T13:23:09.289+00:00","1790947389201"
"crypto","UNI","","","usd","","","2026-10-02T13:23:09.289+00:00","1790947389201"
"crypto","USDC","","","usd","","","2026-10-02T13:23:09.289+00:00","1790947389201"
"crypto","USDT","","","usd","","","2026-10-02T13:23:09.289+00:00","1790947389201"
"crypto","XLM","","","usd","","","2026-10-02T13:23:09.289+00:00","1790947389201"
"crypto","XRP","","","usd","","","2026-10-02T13:23:09.289+00:00","1790947389201"
"currency","AED","","","toman","","","2026-10-02T13:23:09.289+00:00","1790947389201"
"currency","AFN","","","toman","","","2026-10-02T13:23:09.289+00:00","1790947389201"
"currency","AMD","","","toman","","","2026-10-02T13:23:09.289+00:00","1790947389201"
"currency","AUD","","","toman","","","2026-10-02T13:23:09.289+00:00","1790947389201"
"currency","AZN","","","toman","","","2026-10-02T13:23:09.289+00:00","1790947389201"
"currency","BHD","","","toman","","","2026-10-02T13:23:09.289+00:00","1790947389201"
"currency","CAD","","","toman","","","2026-10-02T13:23:09.289+00:00","1790947389201"
"currency","CHF","","","toman","","","2026-10-02T13:23:09.289+00:00","1790947389201"
"currency","CNY","","","toman","","","2026-10-02T13:23:09.289+00:00","1790947389201"
"currency","EUR","","","toman","","","2026-10-02T13:23:09.289+00:00","1790947389201"
"currency","GBP","","","toman","","","2026-10-02T13:23:09.289+00:00","1790947389201"
"currency","GEL","","","toman","","","2026-10-02T13:23:09.289+00:00","1790947389201"
"currency","INR","","","toman","","","2026-10-02T13:23:09.289+00:00","1790947389201"
"currency","IQD","","","toman","","","2026-10-02T13:23:09.289+00:00","1790947389201"
"currency","JPY","","","toman","","","2026-10-02T13:23:09.289+00:00","1790947389201"
"currency","KWD","","","toman","","","2026-10-02T13:23:09.289+00:00","1790947389201"
"currency","MYR","","","toman","","","2026-10-02T13:23:09.289+00:00","1790947389201"
"currency","OMR","","","toman","","","2026-10-02T13:23:09.289+00:00","1790947389201"
"currency","PKR","","","toman","","","2026-10-02T13:23:09.289+00:00","1790947389201"
"currency","QAR","","","toman","","","2026-10-02T13:23:09.289+00:00","1790947389201"
"currency","RUB","","","toman","","","2026-10-02T13:23:09.289+00:00","1790947389201"
"currency","SAR","","","toman","","","2026-10-02T13:23:09.289+00:00","1790947389201"
"currency","SEK","","","toman","","","2026-10-02T13:23:09.289+00:00","1790947389201"
"currency","SYP","","","toman","","","2026-10-02T13:23:09.289+00:00","1790947389201"
"currency","THB","","","toman","","","2026-10-02T13:23:09.289+00:00","1790947389201"
"currency","TRY","","","toman","","","2026-10-02T13:23:09.289+00:00","1790947389201"
"currency","USD","","","toman","","","2026-10-02T13:23:09.289+00:00","1790947389201"
"currency","USDT_IRT","","","toman","","","2026-10-02T13:23:09.289+00:00","1790947389201"
"funds","آبنوس","صندوق سرمایه گذاری در سهام","68","toman","","","2026-10-02T13:23:09.289+00:00","1790947389201"
"funds","آبی","صندوق سرمایه گذاری در اوراق با درآمدثابت","68","toman","","","2026-10-02T13:23:09.289+00:00","1790947389201"
"funds","آتش","صندوق کالایی مبتنی بر طلا","68","toman","","","2026-10-02T13:23:09.289+00:00","1790947389201"
"funds","آتیمس","صندوق سرمایه گذاری در سهام","68","toman","","","2026-10-02T13:23:09.289+00:00","1790947389201"
"funds","آتیه ملت","صندوق سرمایه گذاری در اوراق با درآمدثابت","68","toman","","","2026-10-02T13:23:09.289+00:00","1790947389201"
"funds","آذرین","صندوق سرمایه گذاری بخشی","68","toman","","","2026-10-02T13:23:09.289+00:00","1790947389201"
"funds","آرام","صندوق سرمایه گذاری در سهام","68","toman","","","2026-10-02T13:23:09.289+00:00","1790947389201"
"funds","آرامش","صندوق سرمایه گذاری در اوراق با درآمدثابت","68","toman","","","2026-10-02T13:23:09.289+00:00","1790947389201"
"funds","آس","صندوق سرمایه گذاری در سهام","68","toman","","","2026-10-02T13:23:09.289+00:00","1790947389201"
"funds","آسا","صندوق سرمایه گذاری در اوراق با درآمدثابت","68","toman","","","2026-10-02T13:23:09.289+00:00","1790947389201"
"funds","آساس","صندوق سرمایه گذاری در سهام","68","toman","","","2026-10-02T13:23:09.289+00:00","1790947389201"
"funds","آسال","صندوق سرمایه گذاری در اوراق با درآمدثابت","68","toman","","","2026-10-02T13:23:09.289+00:00","1790947389201"
"funds","آسام","صندوق سرمایه گذاری مختلط","68","toman","","","2026-10-02T13:23:09.289+00:00","1790947389201"
"funds","آسان","صندوق سرمایه گذاری در اوراق با درآمدثابت","68","toman","","","2026-10-02T13:23:09.289+00:00","1790947389201"
"funds","آسود","صندوق سرمایه گذاری در اوراق با درآمدثابت","68","toman","","","2026-10-02T13:23:09.289+00:00","1790947389201"
"funds","آفاق","صندوق سرمایه گذاری در اوراق با درآمدثابت","68","toman","","","2026-10-02T13:23:09.289+00:00","1790947389201"
"funds","آفرین","صندوق سرمایه گذاری مختلط","68","toman","","","2026-10-02T13:23:09.289+00:00","1790947389201"
"funds","آکام","صندوق سرمایه گذاری در اوراق با درآمدثابت","68","toman","","","2026-10-02T13:23:09.289+00:00","1790947389201"
"funds","آکورد","صندوق سرمایه گذاری در اوراق با درآمدثابت","68","toman","","","2026-10-02T13:23:09.289+00:00","1790947389201"
"funds","آگاس","صندوق سرمایه گذاری در سهام","68","toman","","","2026-10-02T13:23:09.289+00:00","1790947389201"
"funds","آلا","صندوق سرمایه گذاری در اوراق با درآمدثابت","68","toman","","","2026-10-02T13:23:09.289+00:00","1790947389201"
"funds","آلتون","صندوق کالایی مبتنی بر طلا","68","toman","","","2026-10-02T13:23:09.289+00:00","1790947389201"
"funds","آلکان","صندوق سرمایه گذاری بخشی","68","toman","","","2026-10-02T13:23:09.289+00:00","1790947389201"
"funds","آلیاژ","صندوق سرمایه گذاری بخشی","68","toman","","","2026-10-02T13:23:09.289+00:00","1790947389201"
"funds","آمیتیس","صندوق سرمایه گذاری در سهام","68","toman","","","2026-10-02T13:23:09.289+00:00","1790947389201"
"funds","آوا","صندوق سرمایه گذاری در سهام","68","toman","","","2026-10-02T13:23:09.289+00:00","1790947389201"
"funds","آوان","صندوق سرمایه گذاری در سهام","68","toman","","","2026-10-02T13:23:09.289+00:00","1790947389201"
"funds","آوند","صندوق سرمایه گذاری در اوراق با درآمدثابت","68","toman","","","2026-10-02T13:23:09.289+00:00","1790947389201"
"funds","آوید","صندوق سرمایه گذاری در سهام","68","toman","","","2026-10-02T13:23:09.289+00:00","1790947389201"
"funds","ابتکار","صندوق سرمایه گذاری در سهام","68","toman","","","2026-10-02T13:23:09.289+00:00","1790947389201"
"funds","اتوآگاه","صندوق سرمایه گذاری بخشی","68","toman","","","2026-10-02T13:23:09.289+00:00","1790947389201"
"funds","اتوداریوش","صندوق سرمایه گذاری بخشی","68","toman","","","2026-10-02T13:23:09.289+00:00","1790947389201"
"funds","اتوکار","صندوق سرمایه گذاری بخشی","68","toman","","","2026-10-02T13:23:09.289+00:00","1790947389201"
"funds","ارزش","صندوق سرمایه گذاری در سهام","68","toman","","","2026-10-02T13:23:09.289+00:00","1790947389201"
"funds","ارزش مسکن","صندوق سرمایه گذاری املاک و مستغلات","68","toman","","","2026-10-02T13:23:09.289+00:00","1790947389201"
"funds","ارکیده","صندوق سرمایه گذاری در اوراق با درآمدثابت","68","toman","","","2026-10-02T13:23:09.289+00:00","1790947389201"
"funds","ارمغان","صندوق سرمایه گذاری در اوراق با درآمدثابت","68","toman","","","2026-10-02T13:23:09.289+00:00","1790947389201"
"funds","استیل","صندوق سرمایه گذاری بخشی","68","toman","","","2026-10-02T13:23:09.289+00:00","1790947389201"
"funds","اصیل","صندوق سرمایه گذاری در اوراق با درآمدثابت","68","toman","","","2026-10-02T13:23:09.289+00:00","1790947389201"
"funds","اطلس","صندوق سرمایه گذاری در سهام","68","toman","","","2026-10-02T13:23:09.289+00:00","1790947389201"
"funds","اطمینان","صندوق سرمایه گذاری در اوراق با درآمدثابت","68","toman","","","2026-10-02T13:23:09.289+00:00","1790947389201"
"funds","اعتبار","صندوق سرمایه گذاری در اوراق با درآمدثابت","68","toman","","","2026-10-02T13:23:09.289+00:00","1790947389201"
"funds","اعتبارسهام","صندوق سرمایه گذاری در سهام","68","toman","","","2026-10-02T13:23:09.289+00:00","1790947389201"
"funds","اعتماد","صندوق سرمایه گذاری در اوراق با درآمدثابت","68","toman","","","2026-10-02T13:23:09.289+00:00","1790947389201"
"funds","افران","صندوق سرمایه گذاری در اوراق با درآمدثابت","68","toman","","","2026-10-02T13:23:09.289+00:00","1790947389201"
"funds","افق ملت","صندوق سرمایه گذاری در سهام","68","toman","","","2026-10-02T13:23:09.289+00:00","1790947389201"
"funds","اکتان","صندوق سرمایه گذاری بخشی","68","toman","","","2026-10-02T13:23:09.289+00:00","1790947389201"
"funds","اکستریم","صندوق سرمایه گذاری در سهام","68","toman","","","2026-10-02T13:23:09.289+00:00","1790947389201"
"funds","اکسیر","صندوق سرمایه گذاری خصوصی","68","toman","","","2026-10-02T13:23:09.289+00:00","1790947389201"
"funds","اکسیژن","صندوق سرمایه گذاری در سهام","68","toman","","","2026-10-02T13:23:09.289+00:00","1790947389201"
"funds","الماس","صندوق سرمایه گذاری در سهام","68","toman","","","2026-10-02T13:23:09.289+00:00","1790947389201"
"funds","امتیاز","صندوق سرمایه گذاری در سهام","68","toman","","","2026-10-02T13:23:09.289+00:00","1790947389201"
"funds","امرالد","صندوق کالایی مبتنی بر طلا","68","toman","","","2026-10-02T13:23:09.289+00:00","1790947389201"
"funds","امگا","صندوق سرمایه گذاری بخشی","68","toman","","","2026-10-02T13:23:09.289+00:00","1790947389201"
"funds","امین شهر","صندوق سرمایه گذاری املاک و مستغلات","68","toman","","","2026-10-02T13:23:09.289+00:00","1790947389201"
"funds","امین یکم","صندوق سرمایه گذاری در اوراق با درآمدثابت","68","toman","","","2026-10-02T13:23:09.289+00:00","1790947389201"
"funds","انار","صندوق سرمایه گذاری در سهام","68","toman","","","2026-10-02T13:23:09.289+00:00","1790947389201"
"funds","اندوخته داریوش","صندوق سرمایه گذاری در اوراق با درآمدثابت","68","toman","","","2026-10-02T13:23:09.289+00:00","1790947389201"
"funds","اهرم","صندوق های سرمایه گذاری اهرمی","68","toman","","","2026-10-02T13:23:09.289+00:00","1790947389201"
"funds","اوج","صندوق سرمایه گذاری در سهام","68","toman","","","2026-10-02T13:23:09.289+00:00","1790947389201"
"funds","اوصتا","صندوق سرمایه گذاری در اوراق با درآمدثابت","68","toman","","","2026-10-02T13:23:09.289+00:00","1790947389201"
"funds","اونیکس","صندوق سرمایه گذاری در اوراق با درآمدثابت","68","toman","","","2026-10-02T13:23:09.289+00:00","1790947389201"
"funds","بازبیمه","صندوق سرمایه گذاری بخشی","68","toman","","","2026-10-02T13:23:09.289+00:00","1790947389201"
"funds","بازده","صندوق سرمایه گذاری در اوراق با درآمدثابت","68","toman","","","2026-10-02T13:23:09.289+00:00","1790947389201"
"funds","بانکا","صندوق سرمایه گذاری بخشی","68","toman","","","2026-10-02T13:23:09.289+00:00","1790947389201"
"funds","بانکپاد","صندوق سرمایه گذاری بخشی","68","toman","","","2026-10-02T13:23:09.289+00:00","1790947389201"
"funds","بانکدار","صندوق سرمایه گذاری بخشی","68","toman","","","2026-10-02T13:23:09.289+00:00","1790947389201"
"funds","بانکو","صندوق سرمایه گذاری بخشی","68","toman","","","2026-10-02T13:23:09.289+00:00","1790947389201"
"funds","بانکیا","صندوق سرمایه گذاری بخشی","68","toman","","","2026-10-02T13:23:09.289+00:00","1790947389201"
"funds","بذر","صندوق سرمایه گذاری در سهام","68","toman","","","2026-10-02T13:23:09.289+00:00","1790947389201"
"funds","برلیان","صندوق سرمایه گذاری در سهام","68","toman","","","2026-10-02T13:23:09.289+00:00","1790947389201"
"funds","بزرگ","صندوق سرمایه گذاری در سهام","68","toman","","","2026-10-02T13:23:09.289+00:00","1790947389201"
"funds","بلد","صندوق سرمایه گذاری در اوراق با درآمدثابت","68","toman","","","2026-10-02T13:23:09.289+00:00","1790947389201"
"funds","بلوط","صندوق سرمایه گذاری در اوراق با درآمدثابت","68","toman","","","2026-10-02T13:23:09.289+00:00","1790947389201"
"funds","بمان","صندوق سرمایه گذاری در اوراق با درآمدثابت","68","toman","","","2026-10-02T13:23:09.289+00:00","1790947389201"
"funds","بنکر","صندوق سرمایه گذاری بخشی","68","toman","","","2026-10-02T13:23:09.289+00:00","1790947389201"
"funds","بنکوداریوش","صندوق سرمایه گذاری بخشی","68","toman","","","2026-10-02T13:23:09.289+00:00","1790947389201"
"funds","بهین رو","صندوق سرمایه گذاری بخشی","68","toman","","","2026-10-02T13:23:09.289+00:00","1790947389201"
"funds","بیدار","صندوق های سرمایه گذاری اهرمی","68","toman","","","2026-10-02T13:23:09.289+00:00","1790947389201"
"funds","پادا","صندوق سرمایه گذاری در سهام","68","toman","","","2026-10-02T13:23:09.289+00:00","1790947389201"
"funds","پاداش","صندوق سرمایه گذاری در اوراق با درآمدثابت","68","toman","","","2026-10-02T13:23:09.289+00:00","1790947389201"
"funds","پارند","صندوق سرمایه گذاری در اوراق با درآمدثابت","68","toman","","","2026-10-02T13:23:09.289+00:00","1790947389201"
"funds","پاسارگاد","صندوق سرمایه گذاری در اوراق با درآمدثابت","68","toman","","","2026-10-02T13:23:09.289+00:00","1790947389201"
"funds","پالایش","صندوق سرمایه گذاری بخشی","68","toman","","","2026-10-02T13:23:09.289+00:00","1790947389201"
"funds","پایا","صندوق سرمایه گذاری در اوراق با درآمدثابت","68","toman","","","2026-10-02T13:23:09.289+00:00","1790947389201"
"funds","پایدار","صندوق سرمایه گذاری در اوراق با درآمدثابت","68","toman","","","2026-10-02T13:23:09.289+00:00","1790947389201"
"funds","پایش","صندوق سرمایه گذاری در اوراق با درآمدثابت","68","toman","","","2026-10-02T13:23:09.289+00:00","1790947389201"
"funds","پتروآبان","صندوق سرمایه گذاری بخشی","68","toman","","","2026-10-02T13:23:09.289+00:00","1790947389201"
"funds","پتروآگاه","صندوق سرمایه گذاری بخشی","68","toman","","","2026-10-02T13:23:09.289+00:00","1790947389201"
"funds","پتروپاداش","صندوق سرمایه گذاری بخشی","68","toman","","","2026-10-02T13:23:09.289+00:00","1790947389201"
"funds","پتروداریوش","صندوق سرمایه گذاری بخشی","68","toman","","","2026-10-02T13:23:09.289+00:00","1790947389201"
"funds","پتروسورین","صندوق سرمایه گذاری بخشی","68","toman","","","2026-10-02T13:23:09.289+00:00","1790947389201"
"funds","پتروصبا","صندوق سرمایه گذاری بخشی","68","toman","","","2026-10-02T13:23:09.289+00:00","1790947389201"
"funds","پتروفارس","صندوق سرمایه گذاری بخشی","68","toman","","","2026-10-02T13:23:09.289+00:00","1790947389201"
"funds","پتروما","صندوق سرمایه گذاری بخشی","68","toman","","","2026-10-02T13:23:09.289+00:00","1790947389201"
"funds","پرتو","صندوق سرمایه گذاری در سهام","68","toman","","","2026-10-02T13:23:09.289+00:00","1790947389201"
"funds","پرتوسا","صندوق سرمایه گذاری در سهام","68","toman","","","2026-10-02T13:23:09.289+00:00","1790947389201"
"funds","پلاتا","صندوق کالایی مبتنی بر نقره","68","toman","","","2026-10-02T13:23:09.289+00:00","1790947389201"
"funds","پناه","صندوق سرمایه گذاری بخشی","68","toman","","","2026-10-02T13:23:09.289+00:00","1790947389201"
"funds","پولاد","صندوق سرمایه گذاری بخشی","68","toman","","","2026-10-02T13:23:09.289+00:00","1790947389201"
"funds","پویا","صندوق سرمایه گذاری جسورانه","68","toman","","","2026-10-02T13:23:09.289+00:00","1790947389201"
"funds","پیروز","صندوق سرمایه گذاری در سهام","68","toman","","","2026-10-02T13:23:09.289+00:00","1790947389201"
"funds","پیشران","صندوق های سرمایه گذاری اهرمی","68","toman","","","2026-10-02T13:23:09.289+00:00","1790947389201"
"funds","تابش","صندوق کالایی مبتنی بر طلا","68","toman","","","2026-10-02T13:23:09.289+00:00","1790947389201"
"funds","تاراز","صندوق سرمایه گذاری در سهام","68","toman","","","2026-10-02T13:23:09.289+00:00","1790947389201"
"funds","تخت گاز","صندوق سرمایه گذاری بخشی","68","toman","","","2026-10-02T13:23:09.289+00:00","1790947389201"
"funds","تداوم","صندوق سرمایه گذاری در اوراق با درآمدثابت","68","toman","","","2026-10-02T13:23:09.289+00:00","1790947389201"
"funds","تراست","صندوق سرمایه گذاری بخشی","68","toman","","","2026-10-02T13:23:09.289+00:00","1790947389201"
"funds","ترمه","صندوق سرمایه گذاری در سهام","68","toman","","","2026-10-02T13:23:09.289+00:00","1790947389201"
"funds","ترنج ثابت","صندوق سرمایه گذاری در اوراق با درآمدثابت","68","toman","","","2026-10-02T13:23:09.289+00:00","1790947389201"
"funds","تصمیم","صندوق سرمایه گذاری در اوراق با درآمدثابت","68","toman","","","2026-10-02T13:23:09.289+00:00","1790947389201"
"funds","تکپاد","صندوق سرمایه گذاری در سهام","68","toman","","","2026-10-02T13:23:09.289+00:00","1790947389201"
"funds","تمشک","صندوق س. صندوق در صندوق","68","toman","","","2026-10-02T13:23:09.289+00:00","1790947389201"
"funds","توان","صندوق های سرمایه گذاری اهرمی","68","toman","","","2026-10-02T13:23:09.289+00:00","1790947389201"
"funds","توسکا","صندوق سرمایه گذاری در اوراق با درآمدثابت","68","toman","","","2026-10-02T13:23:09.289+00:00","1790947389201"
"funds","تیام","صندوق سرمایه گذاری در سهام","68","toman","","","2026-10-02T13:23:09.289+00:00","1790947389201"
"funds","ثابت اکسیژن","صندوق سرمایه گذاری در اوراق با درآمدثابت","68","toman","","","2026-10-02T13:23:09.289+00:00","1790947389201"
"funds","ثبات","صندوق سرمایه گذاری در اوراق با درآمدثابت","68","toman","","","2026-10-02T13:23:09.289+00:00","1790947389201"
"funds","ثروت","صندوق سرمایه گذاری خصوصی","68","toman","","","2026-10-02T13:23:09.289+00:00","1790947389201"
"funds","ثروت ساز","صندوق سرمایه گذاری در سهام","68","toman","","","2026-10-02T13:23:09.289+00:00","1790947389201"
"funds","ثروتم","صندوق سرمایه گذاری در سهام","68","toman","","","2026-10-02T13:23:09.289+00:00","1790947389201"
"funds","ثروین","صندوق سرمایه گذاری در سهام","68","toman","","","2026-10-02T13:23:09.289+00:00","1790947389201"
"funds","ثمر","صندوق سرمایه گذاری در اوراق با درآمدثابت","68","toman","","","2026-10-02T13:23:09.289+00:00","1790947389201"
"funds","ثمین","صندوق سرمایه گذاری در سهام","68","toman","","","2026-10-02T13:23:09.289+00:00","1790947389201"
"funds","ثنا","صندوق سرمایه گذاری در سهام","68","toman","","","2026-10-02T13:23:09.289+00:00","1790947389201"
"funds","ثهام","صندوق سرمایه گذاری در سهام","68","toman","","","2026-10-02T13:23:09.289+00:00","1790947389201"
"funds","جام سهند","صندوق سرمایه گذاری در سهام","68","toman","","","2026-10-02T13:23:09.289+00:00","1790947389201"
"funds","جام طلا","صندوق کالایی مبتنی بر طلا","68","toman","","","2026-10-02T13:23:09.289+00:00","1790947389201"
"funds","جاودان","صندوق سرمایه گذاری در سهام","68","toman","","","2026-10-02T13:23:09.289+00:00","1790947389201"
"funds","جهش","صندوق های سرمایه گذاری اهرمی","68","toman","","","2026-10-02T13:23:09.289+00:00","1790947389201"
"funds","جوانه کوچک","صندوق سرمایه گذاری در سهام","68","toman","","","2026-10-02T13:23:09.289+00:00","1790947389201"
"funds","جواهر","صندوق کالایی مبتنی بر طلا","68","toman","","","2026-10-02T13:23:09.289+00:00","1790947389201"
"funds","چاشنی","صندوق سرمایه گذاری بخشی","68","toman","","","2026-10-02T13:23:09.289+00:00","1790947389201"
"funds","چتر","صندوق سرمایه گذاری بخشی","68","toman","","","2026-10-02T13:23:09.289+00:00","1790947389201"
"funds","خاتم","صندوق سرمایه گذاری در اوراق با درآمدثابت","68","toman","","","2026-10-02T13:23:09.289+00:00","1790947389201"
"funds","خبرگان","صندوق سرمایه گذاری در سهام","68","toman","","","2026-10-02T13:23:09.289+00:00","1790947389201"
"funds","خزانه ملت","صندوق سرمایه گذاری در اوراق با درآمدثابت","68","toman","","","2026-10-02T13:23:09.289+00:00","1790947389201"
"funds","خلیج","صندوق سرمایه گذاری در سهام","68","toman","","","2026-10-02T13:23:09.289+00:00","1790947389201"
"funds","خودران","صندوق سرمایه گذاری بخشی","68","toman","","","2026-10-02T13:23:09.289+00:00","1790947389201"
"funds","خورشید","صندوق سرمایه گذاری در اوراق با درآمدثابت","68","toman","","","2026-10-02T13:23:09.289+00:00","1790947389201"
"funds","خوشه","صندوق س. صندوق در صندوق","68","toman","","","2026-10-02T13:23:09.289+00:00","1790947389201"
"funds","دارا","صندوق سرمایه گذاری در اوراق با درآمدثابت","68","toman","","","2026-10-02T13:23:09.289+00:00","1790947389201"
"funds","دارا یکم","صندوق سرمایه گذاری در سهام","68","toman","","","2026-10-02T13:23:09.289+00:00","1790947389201"
"funds","دارونو","صندوق سرمایه گذاری بخشی","68","toman","","","2026-10-02T13:23:09.289+00:00","1790947389201"
"funds","داریک","صندوق سرمایه گذاری در اوراق با درآمدثابت","68","toman","","","2026-10-02T13:23:09.289+00:00","1790947389201"
"funds","داریوش","صندوق سرمایه گذاری در سهام","68","toman","","","2026-10-02T13:23:09.289+00:00","1790947389201"
"funds","دامون","صندوق سرمایه گذاری در اوراق با درآمدثابت","68","toman","","","2026-10-02T13:23:09.289+00:00","1790947389201"
"funds","دانیک","صندوق سرمایه گذاری املاک و مستغلات","68","toman","","","2026-10-02T13:23:09.289+00:00","1790947389201"
"funds","درخشان","صندوق کالایی مبتنی بر طلا","68","toman","","","2026-10-02T13:23:09.289+00:00","1790947389201"
"funds","درسا","صندوق سرمایه گذاری در سهام","68","toman","","","2026-10-02T13:23:09.289+00:00","1790947389201"
"funds","درنا","صندوق کالایی مبتنی بر طلا","68","toman","","","2026-10-02T13:23:09.289+00:00","1790947389201"
"funds","دریا","صندوق سرمایه گذاری در سهام","68","toman","","","2026-10-02T13:23:09.289+00:00","1790947389201"
"funds","درین","صندوق سرمایه گذاری در اوراق با درآمدثابت","68","toman","","","2026-10-02T13:23:09.289+00:00","1790947389201"
"funds","دفینه","صندوق کالایی مبتنی بر طلا","68","toman","","","2026-10-02T13:23:09.289+00:00","1790947389201"
"funds","دلتا","صندوق سرمایه گذاری بخشی","68","toman","","","2026-10-02T13:23:09.289+00:00","1790947389201"
"funds","دوام","صندوق سرمایه گذاری در اوراق با درآمدثابت","68","toman","","","2026-10-02T13:23:09.289+00:00","1790947389201"
"funds","دوایکس","صندوق های سرمایه گذاری اهرمی","68","toman","","","2026-10-02T13:23:09.289+00:00","1790947389201"
"funds","دی سهام","صندوق سرمایه گذاری در سهام","68","toman","","","2026-10-02T13:23:09.289+00:00","1790947389201"
"funds","دیار","صندوق سرمایه گذاری در سهام","68","toman","","","2026-10-02T13:23:09.289+00:00","1790947389201"
"funds","دیبا","صندوق سرمایه گذاری در اوراق با درآمدثابت","68","toman","","","2026-10-02T13:23:09.289+00:00","1790947389201"
"funds","دیوان","صندوق سرمایه گذاری خصوصی","68","toman","","","2026-10-02T13:23:09.289+00:00","1790947389201"
"funds","رابین","صندوق سرمایه گذاری در اوراق با درآمدثابت","68","toman","","","2026-10-02T13:23:09.289+00:00","1790947389201"
"funds","رادان","صندوق سرمایه گذاری در سهام","68","toman","","","2026-10-02T13:23:09.289+00:00","1790947389201"
"funds","رایبد","صندوق سرمایه گذاری در اوراق با درآمدثابت","68","toman","","","2026-10-02T13:23:09.289+00:00","1790947389201"
"funds","رایکا","صندوق سرمایه گذاری در اوراق با درآمدثابت","68","toman","","","2026-10-02T13:23:09.289+00:00","1790947389201"
"funds","رخش","صندوق سرمایه گذاری در سهام","68","toman","","","2026-10-02T13:23:09.289+00:00","1790947389201"
"funds","رز ترنج","صندوق کالایی مبتنی بر طلا","68","toman","","","2026-10-02T13:23:09.289+00:00","1790947389201"
"funds","رزگلد","صندوق کالایی مبتنی بر طلا","68","toman","","","2026-10-02T13:23:09.289+00:00","1790947389201"
"funds","رسانا","صندوق سرمایه گذاری بخشی","68","toman","","","2026-10-02T13:23:09.289+00:00","1790947389201"
"funds","رشد","صندوق سرمایه گذاری در اوراق با درآمدثابت","68","toman","","","2026-10-02T13:23:09.289+00:00","1790947389201"
"funds","رشدی کیان","صندوق سرمایه گذاری در سهام","68","toman","","","2026-10-02T13:23:09.289+00:00","1790947389201"
"funds","رهنو","صندوق سرمایه گذاری در سهام","68","toman","","","2026-10-02T13:23:09.289+00:00","1790947389201"
"funds","رونق","صندوق سرمایه گذاری در سهام","68","toman","","","2026-10-02T13:23:09.289+00:00","1790947389201"
"funds","رویش","صندوق سرمایه گذاری جسورانه","68","toman","","","2026-10-02T13:23:09.289+00:00","1790947389201"
"funds","رویش همراه","صندوق سرمایه گذاری در سهام","68","toman","","","2026-10-02T13:23:09.289+00:00","1790947389201"
"funds","رویین","صندوق سرمایه گذاری بخشی","68","toman","","","2026-10-02T13:23:09.289+00:00","1790947389201"
"funds","ریتون","صندوق کالایی مبتنی بر طلا","68","toman","","","2026-10-02T13:23:09.289+00:00","1790947389201"
"funds","زر","صندوق کالایی مبتنی بر طلا","68","toman","","","2026-10-02T13:23:09.289+00:00","1790947389201"
"funds","زرفام","صندوق کالایی مبتنی بر طلا","68","toman","","","2026-10-02T13:23:09.289+00:00","1790947389201"
"funds","زرگر","صندوق کالایی مبتنی بر طلا","68","toman","","","2026-10-02T13:23:09.289+00:00","1790947389201"
"funds","زروان","صندوق کالایی مبتنی بر طلا","68","toman","","","2026-10-02T13:23:09.289+00:00","1790947389201"
"funds","زریران","صندوق کالایی مبتنی بر طلا","68","toman","","","2026-10-02T13:23:09.289+00:00","1790947389201"
"funds","زرین","صندوق سرمایه گذاری در سهام","68","toman","","","2026-10-02T13:23:09.289+00:00","1790947389201"
"funds","زمرد","صندوق کالایی مبتنی بر طلا","68","toman","","","2026-10-02T13:23:09.289+00:00","1790947389201"
"funds","زمرد کوروش","صندوق سرمایه گذاری در اوراق با درآمدثابت","68","toman","","","2026-10-02T13:23:09.289+00:00","1790947389201"
"funds","زیتون","صندوق سرمایه گذاری مختلط","68","toman","","","2026-10-02T13:23:09.289+00:00","1790947389201"
"funds","ساحل","صندوق سرمایه گذاری در اوراق با درآمدثابت","68","toman","","","2026-10-02T13:23:09.289+00:00","1790947389201"
"funds","سافرون","صندوق کالایی کشاورزی","68","toman","","","2026-10-02T13:23:09.289+00:00","1790947389201"
"funds","سام","صندوق سرمایه گذاری در اوراق با درآمدثابت","68","toman","","","2026-10-02T13:23:09.289+00:00","1790947389201"
"funds","سبزآبنوس","صندوق سرمایه گذاری در سهام","68","toman","","","2026-10-02T13:23:09.289+00:00","1790947389201"
"funds","سپر","صندوق سرمایه گذاری در اوراق با درآمدثابت","68","toman","","","2026-10-02T13:23:09.289+00:00","1790947389201"
"funds","سپنتارود","صندوق سرمایه گذاری در اوراق با درآمدثابت","68","toman","","","2026-10-02T13:23:09.289+00:00","1790947389201"
"funds","سپیدما","صندوق سرمایه گذاری در اوراق با درآمدثابت","68","toman","","","2026-10-02T13:23:09.289+00:00","1790947389201"
"funds","سپینود","صندوق سرمایه گذاری در سهام","68","toman","","","2026-10-02T13:23:09.289+00:00","1790947389201"
"funds","ستاره","صندوق سرمایه گذاری در اوراق با درآمدثابت","68","toman","","","2026-10-02T13:23:09.289+00:00","1790947389201"
"funds","سخند","صندوق سرمایه گذاری در اوراق با درآمدثابت","68","toman","","","2026-10-02T13:23:09.289+00:00","1790947389201"
"funds","سرو","صندوق سرمایه گذاری در سهام","68","toman","","","2026-10-02T13:23:09.289+00:00","1790947389201"
"funds","سلام","صندوق سرمایه گذاری در سهام","68","toman","","","2026-10-02T13:23:09.289+00:00","1790947389201"
"funds","سمان","صندوق سرمایه گذاری بخشی","68","toman","","","2026-10-02T13:23:09.289+00:00","1790947389201"
"funds","سها","صندوق سرمایه گذاری در سهام","68","toman","","","2026-10-02T13:23:09.289+00:00","1790947389201"
"funds","سهامدار","صندوق سرمایه گذاری در سهام","68","toman","","","2026-10-02T13:23:09.289+00:00","1790947389201"
"funds","سورنافود","صندوق سرمایه گذاری بخشی","68","toman","","","2026-10-02T13:23:09.289+00:00","1790947389201"
"funds","سولار","صندوق های پروژه","68","toman","","","2026-10-02T13:23:09.289+00:00","1790947389201"
"funds","سیان","صندوق کالایی مبتنی بر نقره","68","toman","","","2026-10-02T13:23:09.289+00:00","1790947389201"
"funds","سیگلو","صندوق کالایی مبتنی بر نقره","68","toman","","","2026-10-02T13:23:09.289+00:00","1790947389201"
"funds","سیلوا","صندوق کالایی مبتنی بر نقره","68","toman","","","2026-10-02T13:23:09.289+00:00","1790947389201"
"funds","سیلور","صندوق کالایی مبتنی بر نقره","68","toman","","","2026-10-02T13:23:09.289+00:00","1790947389201"
"funds","سیمان","صندوق سرمایه گذاری بخشی","68","toman","","","2026-10-02T13:23:09.289+00:00","1790947389201"
"funds","سیمانا","صندوق سرمایه گذاری بخشی","68","toman","","","2026-10-02T13:23:09.289+00:00","1790947389201"
"funds","سیمانو","صندوق سرمایه گذاری بخشی","68","toman","","","2026-10-02T13:23:09.289+00:00","1790947389201"
"funds","سیمانیا","صندوق سرمایه گذاری بخشی","68","toman","","","2026-10-02T13:23:09.289+00:00","1790947389201"
"funds","سیمین","صندوق کالایی مبتنی بر نقره","68","toman","","","2026-10-02T13:23:09.289+00:00","1790947389201"
"funds","سیناد","صندوق سرمایه گذاری در اوراق با درآمدثابت","68","toman","","","2026-10-02T13:23:09.289+00:00","1790947389201"
"funds","شتاب","صندوق های سرمایه گذاری اهرمی","68","toman","","","2026-10-02T13:23:09.289+00:00","1790947389201"
"funds","شمیم","صندوق سرمایه گذاری در اوراق با درآمدثابت","68","toman","","","2026-10-02T13:23:09.289+00:00","1790947389201"
"funds","شیلد","صندوق سرمایه گذاری مختلط","68","toman","","","2026-10-02T13:23:09.289+00:00","1790947389201"
"funds","صایند","صندوق سرمایه گذاری در اوراق با درآمدثابت","68","toman","","","2026-10-02T13:23:09.289+00:00","1790947389201"
"funds","صدف","صندوق سرمایه گذاری در سهام","68","toman","","","2026-10-02T13:23:09.289+00:00","1790947389201"
"funds","صنم","صندوق س. صندوق در صندوق","68","toman","","","2026-10-02T13:23:09.289+00:00","1790947389201"
"funds","صنهال","صندوق سرمایه گذاری در اوراق با درآمدثابت","68","toman","","","2026-10-02T13:23:09.289+00:00","1790947389201"
"funds","صنوین","صندوق سرمایه گذاری مختلط","68","toman","","","2026-10-02T13:23:09.289+00:00","1790947389201"
"funds","ضمان","صندوق سرمایه گذاری مختلط","68","toman","","","2026-10-02T13:23:09.289+00:00","1790947389201"
"funds","طعام","صندوق سرمایه گذاری بخشی","68","toman","","","2026-10-02T13:23:09.289+00:00","1790947389201"
"funds","طلا","صندوق کالایی مبتنی بر طلا","68","toman","","","2026-10-02T13:23:09.289+00:00","1790947389201"
"funds","طلوع","صندوق سرمایه گذاری در اوراق با درآمدثابت","68","toman","","","2026-10-02T13:23:09.289+00:00","1790947389201"
"funds","عرش","صندوق سرمایه گذاری در سهام","68","toman","","","2026-10-02T13:23:09.289+00:00","1790947389201"
"funds","عقیق","صندوق سرمایه گذاری در سهام","68","toman","","","2026-10-02T13:23:09.289+00:00","1790947389201"
"funds","عمارت دی","صندوق سرمایه گذاری املاک و مستغلات","68","toman","","","2026-10-02T13:23:09.289+00:00","1790947389201"
"funds","عیار","صندوق کالایی مبتنی بر طلا","68","toman","","","2026-10-02T13:23:09.289+00:00","1790947389201"
"funds","فاخر","صندوق سرمایه گذاری در اوراق با درآمدثابت","68","toman","","","2026-10-02T13:23:09.289+00:00","1790947389201"
"funds","فارما کیان","صندوق سرمایه گذاری بخشی","68","toman","","","2026-10-02T13:23:09.289+00:00","1790947389201"
"funds","فارمانی","صندوق سرمایه گذاری بخشی","68","toman","","","2026-10-02T13:23:09.289+00:00","1790947389201"
"funds","فرا الگوریتم","صندوق سرمایه گذاری بخشی","68","toman","","","2026-10-02T13:23:09.289+00:00","1790947389201"
"funds","فراز","صندوق سرمایه گذاری در سهام","68","toman","","","2026-10-02T13:23:09.289+00:00","1790947389201"
"funds","فردا","صندوق سرمایه گذاری در اوراق با درآمدثابت","68","toman","","","2026-10-02T13:23:09.289+00:00","1790947389201"
"funds","فرصت","صندوق سرمایه گذاری در سهام","68","toman","","","2026-10-02T13:23:09.289+00:00","1790947389201"
"funds","فلزا","صندوق سرمایه گذاری بخشی","68","toman","","","2026-10-02T13:23:09.289+00:00","1790947389201"
"funds","فلزفارابی","صندوق سرمایه گذاری بخشی","68","toman","","","2026-10-02T13:23:09.289+00:00","1790947389201"
"funds","فیروزا","صندوق سرمایه گذاری در اوراق با درآمدثابت","68","toman","","","2026-10-02T13:23:09.289+00:00","1790947389201"
"funds","فیروزه","صندوق سرمایه گذاری در سهام","68","toman","","","2026-10-02T13:23:09.289+00:00","1790947389201"
"funds","قلک گلد","صندوق کالایی مبتنی بر طلا","68","toman","","","2026-10-02T13:23:09.289+00:00","1790947389201"
"funds","قیراط","صندوق کالایی مبتنی بر طلا","68","toman","","","2026-10-02T13:23:09.289+00:00","1790947389201"
"funds","کاج","صندوق سرمایه گذاری در اوراق با درآمدثابت","68","toman","","","2026-10-02T13:23:09.289+00:00","1790947389201"
"funds","کاخ","صندوق سرمایه گذاری املاک و مستغلات","68","toman","","","2026-10-02T13:23:09.289+00:00","1790947389201"
"funds","کارآمد","صندوق سرمایه گذاری در اوراق با درآمدثابت","68","toman","","","2026-10-02T13:23:09.289+00:00","1790947389201"
"funds","کارا","صندوق سرمایه گذاری در اوراق با درآمدثابت","68","toman","","","2026-10-02T13:23:09.289+00:00","1790947389201"
"funds","کاردان","صندوق سرمایه گذاری در سهام","68","toman","","","2026-10-02T13:23:09.289+00:00","1790947389201"
"funds","کارما","صندوق سرمایه گذاری در اوراق با درآمدثابت","68","toman","","","2026-10-02T13:23:09.289+00:00","1790947389201"
"funds","کاریس","صندوق سرمایه گذاری در سهام","68","toman","","","2026-10-02T13:23:09.289+00:00","1790947389201"
"funds","کارین","صندوق سرمایه گذاری در اوراق با درآمدثابت","68","toman","","","2026-10-02T13:23:09.289+00:00","1790947389201"
"funds","کاشانه","صندوق سرمایه گذاری املاک و مستغلات","68","toman","","","2026-10-02T13:23:09.289+00:00","1790947389201"
"funds","کامیاب","صندوق سرمایه گذاری در اوراق با درآمدثابت","68","toman","","","2026-10-02T13:23:09.289+00:00","1790947389201"
"funds","کلید","صندوق سرمایه گذاری املاک و مستغلات","68","toman","","","2026-10-02T13:23:09.289+00:00","1790947389201"
"funds","کمان","صندوق سرمایه گذاری خصوصی","68","toman","","","2026-10-02T13:23:09.289+00:00","1790947389201"
"funds","کمند","صندوق سرمایه گذاری در اوراق با درآمدثابت","68","toman","","","2026-10-02T13:23:09.289+00:00","1790947389201"
"funds","کهربا","صندوق کالایی مبتنی بر طلا","68","toman","","","2026-10-02T13:23:09.289+00:00","1790947389201"
"funds","کوانتوم","صندوق سرمایه گذاری در سهام","68","toman","","","2026-10-02T13:23:09.289+00:00","1790947389201"
"funds","کیان","صندوق سرمایه گذاری در اوراق با درآمدثابت","68","toman","","","2026-10-02T13:23:09.289+00:00","1790947389201"
"funds","گارانتی","صندوق سرمایه گذاری مختلط","68","toman","","","2026-10-02T13:23:09.289+00:00","1790947389201"
"funds","گلدا","صندوق کالایی مبتنی بر طلا","68","toman","","","2026-10-02T13:23:09.289+00:00","1790947389201"
"funds","گلدیس","صندوق کالایی مبتنی بر طلا","68","toman","","","2026-10-02T13:23:09.289+00:00","1790947389201"
"funds","گنج","صندوق کالایی مبتنی بر طلا","68","toman","","","2026-10-02T13:23:09.289+00:00","1790947389201"
"funds","گنجین","صندوق سرمایه گذاری در اوراق با درآمدثابت","68","toman","","","2026-10-02T13:23:09.289+00:00","1790947389201"
"funds","گنجینه","صندوق سرمایه گذاری در اوراق با درآمدثابت","68","toman","","","2026-10-02T13:23:09.289+00:00","1790947389201"
"funds","گوهر","صندوق کالایی مبتنی بر طلا","68","toman","","","2026-10-02T13:23:09.289+00:00","1790947389201"
"funds","لبخند","صندوق سرمایه گذاری در اوراق با درآمدثابت","68","toman","","","2026-10-02T13:23:09.289+00:00","1790947389201"
"funds","لذیذ","صندوق سرمایه گذاری بخشی","68","toman","","","2026-10-02T13:23:09.289+00:00","1790947389201"
"funds","لیان","صندوق کالایی مبتنی بر طلا","68","toman","","","2026-10-02T13:23:09.289+00:00","1790947389201"
"funds","ماکان","صندوق سرمایه گذاری در اوراق با درآمدثابت","68","toman","","","2026-10-02T13:23:09.289+00:00","1790947389201"
"funds","مالک آتیه","صندوق سرمایه گذاری املاک و مستغلات","68","toman","","","2026-10-02T13:23:09.289+00:00","1790947389201"
"funds","مانا","صندوق سرمایه گذاری در سهام","68","toman","","","2026-10-02T13:23:09.289+00:00","1790947389201"
"funds","مانی","صندوق سرمایه گذاری در اوراق با درآمدثابت","68","toman","","","2026-10-02T13:23:09.289+00:00","1790947389201"
"funds","ماهور","صندوق سرمایه گذاری در اوراق با درآمدثابت","68","toman","","","2026-10-02T13:23:09.289+00:00","1790947389201"
"funds","متال","صندوق سرمایه گذاری بخشی","68","toman","","","2026-10-02T13:23:09.289+00:00","1790947389201"
"funds","مثقال","صندوق کالایی مبتنی بر طلا","68","toman","","","2026-10-02T13:23:09.289+00:00","1790947389201"
"funds","مختلط","صندوق سرمایه گذاری مختلط","68","toman","","","2026-10-02T13:23:09.289+00:00","1790947389201"
"funds","مدیر","صندوق سرمایه گذاری در سهام","68","toman","","","2026-10-02T13:23:09.289+00:00","1790947389201"
"funds","مروارید","صندوق سرمایه گذاری در سهام","68","toman","","","2026-10-02T13:23:09.289+00:00","1790947389201"
"funds","مزه","صندوق سرمایه گذاری بخشی","68","toman","","","2026-10-02T13:23:09.289+00:00","1790947389201"
"funds","مسگون","صندوق سرمایه گذاری بخشی","68","toman","","","2026-10-02T13:23:09.289+00:00","1790947389201"
"funds","معدن","صندوق سرمایه گذاری بخشی","68","toman","","","2026-10-02T13:23:09.289+00:00","1790947389201"
"funds","مهرگلد","صندوق کالایی مبتنی بر طلا","68","toman","","","2026-10-02T13:23:09.289+00:00","1790947389201"
"funds","موج","صندوق های سرمایه گذاری اهرمی","68","toman","","","2026-10-02T13:23:09.289+00:00","1790947389201"
"funds","میراث","صندوق کالایی مبتنی بر طلا","68","toman","","","2026-10-02T13:23:09.289+00:00","1790947389201"
"funds","ناب","صندوق کالایی مبتنی بر طلا","68","toman","","","2026-10-02T13:23:09.289+00:00","1790947389201"
"funds","نارنج اهرم","صندوق های سرمایه گذاری اهرمی","68","toman","","","2026-10-02T13:23:09.289+00:00","1790947389201"
"funds","نارین","صندوق سرمایه گذاری در سهام","68","toman","","","2026-10-02T13:23:09.289+00:00","1790947389201"
"funds","ناوگان","صندوق سرمایه گذاری بخشی","68","toman","","","2026-10-02T13:23:09.289+00:00","1790947389201"
"funds","نبات","صندوق سرمایه گذاری بخشی","68","toman","","","2026-10-02T13:23:09.289+00:00","1790947389201"
"funds","نخل","صندوق سرمایه گذاری در اوراق با درآمدثابت","68","toman","","","2026-10-02T13:23:09.289+00:00","1790947389201"
"funds","نشان","صندوق سرمایه گذاری در اوراق با درآمدثابت","68","toman","","","2026-10-02T13:23:09.289+00:00","1790947389201"
"funds","نفتوداریوش","صندوق سرمایه گذاری بخشی","68","toman","","","2026-10-02T13:23:09.289+00:00","1790947389201"
"funds","نفیس","صندوق کالایی مبتنی بر طلا","68","toman","","","2026-10-02T13:23:09.289+00:00","1790947389201"
"funds","نقرآمد","صندوق کالایی مبتنی بر نقره","68","toman","","","2026-10-02T13:23:09.289+00:00","1790947389201"
"funds","نقرابی","صندوق کالایی مبتنی بر نقره","68","toman","","","2026-10-02T13:23:09.289+00:00","1790947389201"
"funds","نقراط","صندوق کالایی مبتنی بر نقره","68","toman","","","2026-10-02T13:23:09.289+00:00","1790947389201"
"funds","نقران","صندوق کالایی مبتنی بر نقره","68","toman","","","2026-10-02T13:23:09.289+00:00","1790947389201"
"funds","نقرسا","صندوق کالایی مبتنی بر نقره","68","toman","","","2026-10-02T13:23:09.289+00:00","1790947389201"
"funds","نقرفام","صندوق کالایی مبتنی بر نقره","68","toman","","","2026-10-02T13:23:09.289+00:00","1790947389201"
"funds","نقرین","صندوق کالایی مبتنی بر نقره","68","toman","","","2026-10-02T13:23:09.289+00:00","1790947389201"
"funds","نگین فارس","صندوق کالایی مبتنی بر طلا","68","toman","","","2026-10-02T13:23:09.289+00:00","1790947389201"
"funds","نمک","صندوق سرمایه گذاری بخشی","68","toman","","","2026-10-02T13:23:09.289+00:00","1790947389201"
"funds","نهال","صندوق کالایی کشاورزی","68","toman","","","2026-10-02T13:23:09.289+00:00","1790947389201"
"funds","نوید","صندوق سرمایه گذاری در اوراق با درآمدثابت","68","toman","","","2026-10-02T13:23:09.289+00:00","1790947389201"
"funds","نیروانا","صندوق سرمایه گذاری بخشی","68","toman","","","2026-10-02T13:23:09.289+00:00","1790947389201"
"funds","نیک گستر","صندوق سرمایه گذاری در اوراق با درآمدثابت","68","toman","","","2026-10-02T13:23:09.289+00:00","1790947389201"
"funds","نیلی","صندوق سرمایه گذاری در اوراق با درآمدثابت","68","toman","","","2026-10-02T13:23:09.289+00:00","1790947389201"
"funds","هامرز","صندوق سرمایه گذاری در اوراق با درآمدثابت","68","toman","","","2026-10-02T13:23:09.289+00:00","1790947389201"
"funds","هامون","صندوق سرمایه گذاری در سهام","68","toman","","","2026-10-02T13:23:09.289+00:00","1790947389201"
"funds","هدف","صندوق سرمایه گذاری در اوراق با درآمدثابت","68","toman","","","2026-10-02T13:23:09.289+00:00","1790947389201"
"funds","هم ارز","صندوق سرمایه گذاری در سهام","68","toman","","","2026-10-02T13:23:09.289+00:00","1790947389201"
"funds","هم تراز","صندوق سرمایه گذاری در سهام","68","toman","","","2026-10-02T13:23:09.289+00:00","1790947389201"
"funds","هم وزن","صندوق سرمایه گذاری در سهام","68","toman","","","2026-10-02T13:23:09.289+00:00","1790947389201"
"funds","همای","صندوق سرمایه گذاری در اوراق با درآمدثابت","68","toman","","","2026-10-02T13:23:09.289+00:00","1790947389201"
"funds","همتا","صندوق سرمایه گذاری در سهام","68","toman","","","2026-10-02T13:23:09.289+00:00","1790947389201"
"funds","همسنگ","صندوق سرمایه گذاری در سهام","68","toman","","","2026-10-02T13:23:09.289+00:00","1790947389201"
"funds","همگام","صندوق سرمایه گذاری در اوراق با درآمدثابت","68","toman","","","2026-10-02T13:23:09.289+00:00","1790947389201"
"funds","همیان","صندوق کالایی مبتنی بر طلا","68","toman","","","2026-10-02T13:23:09.289+00:00","1790947389201"
"funds","هوشمند","صندوق سرمایه گذاری در سهام","68","toman","","","2026-10-02T13:23:09.289+00:00","1790947389201"
"funds","هوشیار","صندوق سرمایه گذاری در سهام","68","toman","","","2026-10-02T13:23:09.289+00:00","1790947389201"
"funds","هومان","صندوق سرمایه گذاری در سهام","68","toman","","","2026-10-02T13:23:09.289+00:00","1790947389201"
"funds","هیبرید","صندوق سرمایه گذاری مختلط","68","toman","","","2026-10-02T13:23:09.289+00:00","1790947389201"
"funds","هیوا","صندوق سرمایه گذاری در سهام","68","toman","","","2026-10-02T13:23:09.289+00:00","1790947389201"
"funds","وبازار","صندوق سرمایه گذاری در سهام","68","toman","","","2026-10-02T13:23:09.289+00:00","1790947389201"
"funds","ولتاژ","صندوق سرمایه گذاری بخشی","68","toman","","","2026-10-02T13:23:09.289+00:00","1790947389201"
"funds","ونچر","صندوق سرمایه گذاری جسورانه","68","toman","","","2026-10-02T13:23:09.289+00:00","1790947389201"
"funds","ویستا","صندوق سرمایه گذاری در سهام","68","toman","","","2026-10-02T13:23:09.289+00:00","1790947389201"
"funds","یارا","صندوق سرمایه گذاری در اوراق با درآمدثابت","68","toman","","","2026-10-02T13:23:09.289+00:00","1790947389201"
"funds","یاس","صندوق کالایی مبتنی بر نقره","68","toman","","","2026-10-02T13:23:09.289+00:00","1790947389201"
"funds","یاقوت","صندوق سرمایه گذاری در اوراق با درآمدثابت","68","toman","","","2026-10-02T13:23:09.289+00:00","1790947389201"
"funds","یکم","صندوق سرمایه گذاری در سهام","68","toman","","","2026-10-02T13:23:09.289+00:00","1790947389201"
"funds","یلدا","صندوق سرمایه گذاری در سهام","68","toman","","","2026-10-02T13:23:09.289+00:00","1790947389201"
"funds","یوتیلیتی","صندوق سرمایه گذاری بخشی","68","toman","","","2026-10-02T13:23:09.289+00:00","1790947389201"
"gold","IR_COIN_1G","","","toman","","","2026-10-02T13:23:09.289+00:00","1790947389201"
"gold","IR_COIN_BAHAR","","","toman","","","2026-10-02T13:23:09.289+00:00","1790947389201"
"gold","IR_COIN_EMAMI","","","toman","","","2026-10-02T13:23:09.289+00:00","1790947389201"
"gold","IR_COIN_HALF","","","toman","","","2026-10-02T13:23:09.289+00:00","1790947389201"
"gold","IR_COIN_QUARTER","","","toman","","","2026-10-02T13:23:09.289+00:00","1790947389201"
"gold","IR_GOLD_18K","","","toman","","","2026-10-02T13:23:09.289+00:00","1790947389201"
"gold","IR_GOLD_24K","","","toman","","","2026-10-02T13:23:09.289+00:00","1790947389201"
"gold","IR_GOLD_MELTED","","","toman","","","2026-10-02T13:23:09.289+00:00","1790947389201"
"gold","XAUUSD","","","usd","","","2026-10-02T13:23:09.289+00:00","1790947389201"
"imeCertificates","Bitumen","","","","1405-07-09","15:00:00","2026-10-02T13:23:09.289+00:00","1790947389201"
"imeCertificates","CopperCthd","","","","1405-07-09","14:59:59","2026-10-02T13:23:09.289+00:00","1790947389201"
"imeCertificates","GoldBar","","","","1405-07-09","15:00:00","2026-10-02T13:23:09.289+00:00","1790947389201"
"imeCertificates","GoldCoin","","","","1405-07-09","14:59:56","2026-10-02T13:23:09.289+00:00","1790947389201"
"imeCertificates","IronOrePlt","","","","1405-07-09","15:00:00","2026-10-02T13:23:09.289+00:00","1790947389201"
"imeCertificates","KMCT9","","","","1405-07-09","14:59:42","2026-10-02T13:23:09.289+00:00","1790947389201"
"imeCertificates","LeadIngot","","","","1405-07-09","14:59:42","2026-10-02T13:23:09.289+00:00","1790947389201"
"imeCertificates","PistaCL","","","","1405-07-09","15:00:00","2026-10-02T13:23:09.289+00:00","1790947389201"
"imeCertificates","SilverBar","","","","1405-07-09","14:59:57","2026-10-02T13:23:09.289+00:00","1790947389201"
"imeCertificates","SteelRebar","","","","1405-07-09","14:59:50","2026-10-02T13:23:09.289+00:00","1790947389201"
"imeCertificates","ZincIngot","","","","1405-07-09","15:00:00","2026-10-02T13:23:09.289+00:00","1790947389201"
"options","ضاطلس071900","call","","","","","2026-10-02T13:23:09.289+00:00","1790947389201"
"options","ضاطلس071901","call","","","","","2026-10-02T13:23:09.289+00:00","1790947389201"
"options","ضاطلس071902","call","","","","","2026-10-02T13:23:09.289+00:00","1790947389201"
"options","ضاطلس071903","call","","","","","2026-10-02T13:23:09.289+00:00","1790947389201"
"options","ضاطلس071904","call","","","","","2026-10-02T13:23:09.289+00:00","1790947389201"
"options","ضاطلس071905","call","","","","","2026-10-02T13:23:09.289+00:00","1790947389201"
"options","ضاطلس071906","call","","","","","2026-10-02T13:23:09.289+00:00","1790947389201"
"options","ضاطلس071907","call","","","","","2026-10-02T13:23:09.289+00:00","1790947389201"
"options","ضاطلس071908","call","","","","","2026-10-02T13:23:09.289+00:00","1790947389201"
"options","ضاطلس071909","call","","","","","2026-10-02T13:23:09.289+00:00","1790947389201"
"options","ضاطلس071910","call","","","","","2026-10-02T13:23:09.289+00:00","1790947389201"
"options","ضاطلس080300","call","","","","","2026-10-02T13:23:09.289+00:00","1790947389201"
"options","ضاطلس080301","call","","","","","2026-10-02T13:23:09.289+00:00","1790947389201"
"options","ضاطلس080302","call","","","","","2026-10-02T13:23:09.289+00:00","1790947389201"
"options","ضاطلس080303","call","","","","","2026-10-02T13:23:09.289+00:00","1790947389201"
"options","ضاطلس080304","call","","","","","2026-10-02T13:23:09.289+00:00","1790947389201"
"options","ضاطلس080305","call","","","","","2026-10-02T13:23:09.289+00:00","1790947389201"
"options","ضاطلس080306","call","","","","","2026-10-02T13:23:09.289+00:00","1790947389201"
"options","ضاطلس080307","call","","","","","2026-10-02T13:23:09.289+00:00","1790947389201"
"options","ضاطلس080308","call","","","","","2026-10-02T13:23:09.289+00:00","1790947389201"
"options","ضاطلس080309","call","","","","","2026-10-02T13:23:09.289+00:00","1790947389201"
"options","ضاطلس080310","call","","","","","2026-10-02T13:23:09.289+00:00","1790947389201"
"options","ضاطلس081700","call","","","","","2026-10-02T13:23:09.289+00:00","1790947389201"
"options","ضاطلس081701","call","","","","","2026-10-02T13:23:09.289+00:00","1790947389201"
"options","ضاطلس081702","call","","","","","2026-10-02T13:23:09.289+00:00","1790947389201"
"options","ضاطلس081703","call","","","","","2026-10-02T13:23:09.289+00:00","1790947389201"
"options","ضاطلس081704","call","","","","","2026-10-02T13:23:09.289+00:00","1790947389201"
"options","ضاطلس081705","call","","","","","2026-10-02T13:23:09.289+00:00","1790947389201"
"options","ضاطلس081706","call","","","","","2026-10-02T13:23:09.289+00:00","1790947389201"
"options","ضاطلس081707","call","","","","","2026-10-02T13:23:09.289+00:00","1790947389201"
"options","ضاطلس081708","call","","","","","2026-10-02T13:23:09.289+00:00","1790947389201"
"options","ضاطلس081709","call","","","","","2026-10-02T13:23:09.289+00:00","1790947389201"
"options","ضاطلس081710","call","","","","","2026-10-02T13:23:09.289+00:00","1790947389201"
"options","ضاطلس090800","call","","","","","2026-10-02T13:23:09.289+00:00","1790947389201"
"options","ضاطلس090801","call","","","","","2026-10-02T13:23:09.289+00:00","1790947389201"
"options","ضاطلس090802","call","","","","","2026-10-02T13:23:09.289+00:00","1790947389201"
"options","ضاطلس090803","call","","","","","2026-10-02T13:23:09.289+00:00","1790947389201"
"options","ضاطلس090804","call","","","","","2026-10-02T13:23:09.289+00:00","1790947389201"
"options","ضاطلس090805","call","","","","","2026-10-02T13:23:09.289+00:00","1790947389201"
"options","ضاطلس090806","call","","","","","2026-10-02T13:23:09.289+00:00","1790947389201"
"options","ضاطلس090807","call","","","","","2026-10-02T13:23:09.289+00:00","1790947389201"
"options","ضاطلس090808","call","","","","","2026-10-02T13:23:09.289+00:00","1790947389201"
"options","ضاطلس090809","call","","","","","2026-10-02T13:23:09.289+00:00","1790947389201"
"options","ضاطلس090810","call","","","","","2026-10-02T13:23:09.289+00:00","1790947389201"
"options","ضاطلس092200","call","","","","","2026-10-02T13:23:09.289+00:00","1790947389201"
"options","ضاطلس092201","call","","","","","2026-10-02T13:23:09.289+00:00","1790947389201"
"options","ضاطلس092202","call","","","","","2026-10-02T13:23:09.289+00:00","1790947389201"
"options","ضاطلس092203","call","","","","","2026-10-02T13:23:09.289+00:00","1790947389201"
"options","ضاطلس092204","call","","","","","2026-10-02T13:23:09.289+00:00","1790947389201"
"options","ضاطلس092205","call","","","","","2026-10-02T13:23:09.289+00:00","1790947389201"
"options","ضاطلس092206","call","","","","","2026-10-02T13:23:09.289+00:00","1790947389201"
"options","ضاطلس092207","call","","","","","2026-10-02T13:23:09.289+00:00","1790947389201"
"options","ضاطلس092208","call","","","","","2026-10-02T13:23:09.289+00:00","1790947389201"
"options","ضاطلس092209","call","","","","","2026-10-02T13:23:09.289+00:00","1790947389201"
"options","ضاطلس092210","call","","","","","2026-10-02T13:23:09.289+00:00","1790947389201"
"options","ضبساما722","call","","","","","2026-10-02T13:23:09.289+00:00","1790947389201"
"options","ضبساما723","call","","","","","2026-10-02T13:23:09.289+00:00","1790947389201"
"options","ضبساما724","call","","","","","2026-10-02T13:23:09.289+00:00","1790947389201"
"options","ضبساما725","call","","","","","2026-10-02T13:23:09.289+00:00","1790947389201"
"options","ضبساما726","call","","","","","2026-10-02T13:23:09.289+00:00","1790947389201"
"options","ضبساما727","call","","","","","2026-10-02T13:23:09.289+00:00","1790947389201"
"options","ضبساما728","call","","","","","2026-10-02T13:23:09.289+00:00","1790947389201"
"options","ضبساما729","call","","","","","2026-10-02T13:23:09.289+00:00","1790947389201"
"options","ضبساما730","call","","","","","2026-10-02T13:23:09.289+00:00","1790947389201"
"options","ضبساما731","call","","","","","2026-10-02T13:23:09.289+00:00","1790947389201"
"options","ضبساما732","call","","","","","2026-10-02T13:23:09.289+00:00","1790947389201"
"options","ضبساما733","call","","","","","2026-10-02T13:23:09.289+00:00","1790947389201"
"options","ضبساما734","call","","","","","2026-10-02T13:23:09.289+00:00","1790947389201"
"options","ضبساما735","call","","","","","2026-10-02T13:23:09.289+00:00","1790947389201"
"options","ضبساما736","call","","","","","2026-10-02T13:23:09.289+00:00","1790947389201"
"options","ضبساما737","call","","","","","2026-10-02T13:23:09.289+00:00","1790947389201"
"options","ضبساما922","call","","","","","2026-10-02T13:23:09.289+00:00","1790947389201"
"options","ضبساما923","call","","","","","2026-10-02T13:23:09.289+00:00","1790947389201"
"options","ضبساما924","call","","","","","2026-10-02T13:23:09.289+00:00","1790947389201"
"options","ضبساما925","call","","","","","2026-10-02T13:23:09.289+00:00","1790947389201"
"options","ضبساما926","call","","","","","2026-10-02T13:23:09.289+00:00","1790947389201"
"options","ضبساما927","call","","","","","2026-10-02T13:23:09.289+00:00","1790947389201"
"options","ضبساما928","call","","","","","2026-10-02T13:23:09.289+00:00","1790947389201"
"options","ضبساما929","call","","","","","2026-10-02T13:23:09.289+00:00","1790947389201"
"options","ضبساما930","call","","","","","2026-10-02T13:23:09.289+00:00","1790947389201"
"options","ضبساما931","call","","","","","2026-10-02T13:23:09.289+00:00","1790947389201"
"options","ضبساما932","call","","","","","2026-10-02T13:23:09.289+00:00","1790947389201"
"options","ضتاص7000","call","","","","","2026-10-02T13:23:09.289+00:00","1790947389201"
"options","ضتاص7001","call","","","","","2026-10-02T13:23:09.289+00:00","1790947389201"
"options","ضتاص7002","call","","","","","2026-10-02T13:23:09.289+00:00","1790947389201"
"options","ضتاص7003","call","","","","","2026-10-02T13:23:09.289+00:00","1790947389201"
"options","ضتاص7004","call","","","","","2026-10-02T13:23:09.289+00:00","1790947389201"
"options","ضتاص7005","call","","","","","2026-10-02T13:23:09.289+00:00","1790947389201"
"options","ضتاص7006","call","","","","","2026-10-02T13:23:09.289+00:00","1790947389201"
"options","ضتاص7007","call","","","","","2026-10-02T13:23:09.289+00:00","1790947389201"
"options","ضتاص7008","call","","","","","2026-10-02T13:23:09.289+00:00","1790947389201"
"options","ضتاص7009","call","","","","","2026-10-02T13:23:09.289+00:00","1790947389201"
"options","ضتاص7010","call","","","","","2026-10-02T13:23:09.289+00:00","1790947389201"
"options","ضتاص7011","call","","","","","2026-10-02T13:23:09.289+00:00","1790947389201"
"options","ضتاص7012","call","","","","","2026-10-02T13:23:09.289+00:00","1790947389201"
"options","ضتاص7013","call","","","","","2026-10-02T13:23:09.289+00:00","1790947389201"
"options","ضتاص7014","call","","","","","2026-10-02T13:23:09.289+00:00","1790947389201"
"options","ضتاص7015","call","","","","","2026-10-02T13:23:09.289+00:00","1790947389201"
"options","ضتاص7016","call","","","","","2026-10-02T13:23:09.289+00:00","1790947389201"
"options","ضتاص7017","call","","","","","2026-10-02T13:23:09.289+00:00","1790947389201"
"options","ضتاص7018","call","","","","","2026-10-02T13:23:09.289+00:00","1790947389201"
"options","ضتاص9013","call","","","","","2026-10-02T13:23:09.289+00:00","1790947389201"
"options","ضتاص9014","call","","","","","2026-10-02T13:23:09.289+00:00","1790947389201"
"options","ضتاص9015","call","","","","","2026-10-02T13:23:09.289+00:00","1790947389201"
"options","ضتاص9016","call","","","","","2026-10-02T13:23:09.289+00:00","1790947389201"
"options","ضتاص9017","call","","","","","2026-10-02T13:23:09.289+00:00","1790947389201"
"options","ضتاص9018","call","","","","","2026-10-02T13:23:09.289+00:00","1790947389201"
"options","ضتاص9019","call","","","","","2026-10-02T13:23:09.289+00:00","1790947389201"
"options","ضتاص9020","call","","","","","2026-10-02T13:23:09.289+00:00","1790947389201"
"options","ضتاص9021","call","","","","","2026-10-02T13:23:09.289+00:00","1790947389201"
"options","ضتاص9022","call","","","","","2026-10-02T13:23:09.289+00:00","1790947389201"
"options","ضتاص9023","call","","","","","2026-10-02T13:23:09.289+00:00","1790947389201"
"options","ضتاص9024","call","","","","","2026-10-02T13:23:09.289+00:00","1790947389201"
"options","ضتاص9025","call","","","","","2026-10-02T13:23:09.289+00:00","1790947389201"
"options","ضتاص9026","call","","","","","2026-10-02T13:23:09.289+00:00","1790947389201"
"options","ضتاص9027","call","","","","","2026-10-02T13:23:09.289+00:00","1790947389201"
"options","ضتاص9028","call","","","","","2026-10-02T13:23:09.289+00:00","1790947389201"
"options","ضتاص9029","call","","","","","2026-10-02T13:23:09.289+00:00","1790947389201"
"options","ضتوان728","call","","","","","2026-10-02T13:23:09.289+00:00","1790947389201"
"options","ضتوان729","call","","","","","2026-10-02T13:23:09.289+00:00","1790947389201"
"options","ضتوان730","call","","","","","2026-10-02T13:23:09.289+00:00","1790947389201"
"options","ضتوان731","call","","","","","2026-10-02T13:23:09.289+00:00","1790947389201"
"options","ضتوان732","call","","","","","2026-10-02T13:23:09.289+00:00","1790947389201"
"options","ضتوان733","call","","","","","2026-10-02T13:23:09.289+00:00","1790947389201"
"options","ضتوان734","call","","","","","2026-10-02T13:23:09.289+00:00","1790947389201"
"options","ضتوان735","call","","","","","2026-10-02T13:23:09.289+00:00","1790947389201"
"options","ضتوان736","call","","","","","2026-10-02T13:23:09.289+00:00","1790947389201"
"options","ضتوان737","call","","","","","2026-10-02T13:23:09.289+00:00","1790947389201"
"options","ضتوان738","call","","","","","2026-10-02T13:23:09.289+00:00","1790947389201"
"options","ضتوان817","call","","","","","2026-10-02T13:23:09.289+00:00","1790947389201"
"options","ضتوان818","call","","","","","2026-10-02T13:23:09.289+00:00","1790947389201"
"options","ضتوان819","call","","","","","2026-10-02T13:23:09.289+00:00","1790947389201"
"options","ضتوان820","call","","","","","2026-10-02T13:23:09.289+00:00","1790947389201"
"options","ضتوان821","call","","","","","2026-10-02T13:23:09.289+00:00","1790947389201"
"options","ضتوان822","call","","","","","2026-10-02T13:23:09.289+00:00","1790947389201"
"options","ضتوان823","call","","","","","2026-10-02T13:23:09.289+00:00","1790947389201"
"options","ضتوان824","call","","","","","2026-10-02T13:23:09.289+00:00","1790947389201"
"options","ضتوان825","call","","","","","2026-10-02T13:23:09.289+00:00","1790947389201"
"options","ضتوان826","call","","","","","2026-10-02T13:23:09.289+00:00","1790947389201"
"options","ضتوان827","call","","","","","2026-10-02T13:23:09.289+00:00","1790947389201"
"options","ضتوان917","call","","","","","2026-10-02T13:23:09.289+00:00","1790947389201"
"options","ضتوان918","call","","","","","2026-10-02T13:23:09.289+00:00","1790947389201"
"options","ضتوان919","call","","","","","2026-10-02T13:23:09.289+00:00","1790947389201"
"options","ضتوان920","call","","","","","2026-10-02T13:23:09.289+00:00","1790947389201"
"options","ضتوان921","call","","","","","2026-10-02T13:23:09.289+00:00","1790947389201"
"options","ضتوان922","call","","","","","2026-10-02T13:23:09.289+00:00","1790947389201"
"options","ضتوان923","call","","","","","2026-10-02T13:23:09.289+00:00","1790947389201"
"options","ضتوان924","call","","","","","2026-10-02T13:23:09.289+00:00","1790947389201"
"options","ضتوان925","call","","","","","2026-10-02T13:23:09.289+00:00","1790947389201"
"options","ضتوان926","call","","","","","2026-10-02T13:23:09.289+00:00","1790947389201"
"options","ضتوان927","call","","","","","2026-10-02T13:23:09.289+00:00","1790947389201"
"options","ضجار1080","call","","","","","2026-10-02T13:23:09.289+00:00","1790947389201"
"options","ضجار1081","call","","","","","2026-10-02T13:23:09.289+00:00","1790947389201"
"options","ضجار1082","call","","","","","2026-10-02T13:23:09.289+00:00","1790947389201"
"options","ضجار1083","call","","","","","2026-10-02T13:23:09.289+00:00","1790947389201"
"options","ضجار1084","call","","","","","2026-10-02T13:23:09.289+00:00","1790947389201"
"options","ضجار1085","call","","","","","2026-10-02T13:23:09.289+00:00","1790947389201"
"options","ضجار1086","call","","","","","2026-10-02T13:23:09.289+00:00","1790947389201"
"options","ضجار1087","call","","","","","2026-10-02T13:23:09.289+00:00","1790947389201"
"options","ضجار1088","call","","","","","2026-10-02T13:23:09.289+00:00","1790947389201"
"options","ضجار1089","call","","","","","2026-10-02T13:23:09.289+00:00","1790947389201"
"options","ضجار1090","call","","","","","2026-10-02T13:23:09.289+00:00","1790947389201"
"options","ضجار1091","call","","","","","2026-10-02T13:23:09.289+00:00","1790947389201"
"options","ضجار1092","call","","","","","2026-10-02T13:23:09.289+00:00","1790947389201"
"options","ضجار8022","call","","","","","2026-10-02T13:23:09.289+00:00","1790947389201"
"options","ضجار8023","call","","","","","2026-10-02T13:23:09.289+00:00","1790947389201"
"options","ضجار8024","call","","","","","2026-10-02T13:23:09.289+00:00","1790947389201"
"options","ضجار8025","call","","","","","2026-10-02T13:23:09.289+00:00","1790947389201"
"options","ضجار8026","call","","","","","2026-10-02T13:23:09.289+00:00","1790947389201"
"options","ضجار8027","call","","","","","2026-10-02T13:23:09.289+00:00","1790947389201"
"options","ضجار8028","call","","","","","2026-10-02T13:23:09.289+00:00","1790947389201"
"options","ضجار8029","call","","","","","2026-10-02T13:23:09.289+00:00","1790947389201"
"options","ضجار8030","call","","","","","2026-10-02T13:23:09.289+00:00","1790947389201"
"options","ضجار8031","call","","","","","2026-10-02T13:23:09.289+00:00","1790947389201"
"options","ضجار8032","call","","","","","2026-10-02T13:23:09.289+00:00","1790947389201"
"options","ضجار8033","call","","","","","2026-10-02T13:23:09.289+00:00","1790947389201"
"options","ضجار8034","call","","","","","2026-10-02T13:23:09.289+00:00","1790947389201"
"options","ضجار9012","call","","","","","2026-10-02T13:23:09.289+00:00","1790947389201"
"options","ضجار9013","call","","","","","2026-10-02T13:23:09.289+00:00","1790947389201"
"options","ضجار9014","call","","","","","2026-10-02T13:23:09.289+00:00","1790947389201"
"options","ضجار9015","call","","","","","2026-10-02T13:23:09.289+00:00","1790947389201"
"options","ضجار9016","call","","","","","2026-10-02T13:23:09.289+00:00","1790947389201"
"options","ضجار9017","call","","","","","2026-10-02T13:23:09.289+00:00","1790947389201"
"options","ضجار9018","call","","","","","2026-10-02T13:23:09.289+00:00","1790947389201"
"options","ضجار9019","call","","","","","2026-10-02T13:23:09.289+00:00","1790947389201"
"options","ضجار9020","call","","","","","2026-10-02T13:23:09.289+00:00","1790947389201"
"options","ضجار9021","call","","","","","2026-10-02T13:23:09.289+00:00","1790947389201"
"options","ضجار9022","call","","","","","2026-10-02T13:23:09.289+00:00","1790947389201"
"options","ضجار9023","call","","","","","2026-10-02T13:23:09.289+00:00","1790947389201"
"options","ضجار9024","call","","","","","2026-10-02T13:23:09.289+00:00","1790947389201"
"options","ضجوا1000","call","","","","","2026-10-02T13:23:09.289+00:00","1790947389201"
"options","ضجوا1001","call","","","","","2026-10-02T13:23:09.289+00:00","1790947389201"
"options","ضجوا1002","call","","","","","2026-10-02T13:23:09.289+00:00","1790947389201"
"options","ضجوا1003","call","","","","","2026-10-02T13:23:09.289+00:00","1790947389201"
"options","ضجوا1004","call","","","","","2026-10-02T13:23:09.289+00:00","1790947389201"
"options","ضجوا1005","call","","","","","2026-10-02T13:23:09.289+00:00","1790947389201"
"options","ضجوا1006","call","","","","","2026-10-02T13:23:09.289+00:00","1790947389201"
"options","ضجوا1007","call","","","","","2026-10-02T13:23:09.289+00:00","1790947389201"
"options","ضجوا1008","call","","","","","2026-10-02T13:23:09.289+00:00","1790947389201"
"options","ضجوا1009","call","","","","","2026-10-02T13:23:09.289+00:00","1790947389201"
"options","ضجوا1010","call","","","","","2026-10-02T13:23:09.289+00:00","1790947389201"
"options","ضجوا8000","call","","","","","2026-10-02T13:23:09.289+00:00","1790947389201"
"options","ضجوا8001","call","","","","","2026-10-02T13:23:09.289+00:00","1790947389201"
"options","ضجوا8002","call","","","","","2026-10-02T13:23:09.289+00:00","1790947389201"
"options","ضجوا8003","call","","","","","2026-10-02T13:23:09.289+00:00","1790947389201"
"options","ضجوا8004","call","","","","","2026-10-02T13:23:09.289+00:00","1790947389201"
"options","ضجوا8005","call","","","","","2026-10-02T13:23:09.289+00:00","1790947389201"
"options","ضجوا8006","call","","","","","2026-10-02T13:23:09.289+00:00","1790947389201"
"options","ضجوا8007","call","","","","","2026-10-02T13:23:09.289+00:00","1790947389201"
"options","ضجوا8008","call","","","","","2026-10-02T13:23:09.289+00:00","1790947389201"
"options","ضجوا8009","call","","","","","2026-10-02T13:23:09.289+00:00","1790947389201"
"options","ضجوا8010","call","","","","","2026-10-02T13:23:09.289+00:00","1790947389201"
"options","ضخود7126","call","","","","","2026-10-02T13:23:09.289+00:00","1790947389201"
"options","ضخود7127","call","","","","","2026-10-02T13:23:09.289+00:00","1790947389201"
"options","ضخود7128","call","","","","","2026-10-02T13:23:09.289+00:00","1790947389201"
"options","ضخود7129","call","","","","","2026-10-02T13:23:09.289+00:00","1790947389201"
"options","ضخود7130","call","","","","","2026-10-02T13:23:09.289+00:00","1790947389201"
"options","ضخود7131","call","","","","","2026-10-02T13:23:09.289+00:00","1790947389201"
"options","ضخود7132","call","","","","","2026-10-02T13:23:09.289+00:00","1790947389201"
"options","ضخود7133","call","","","","","2026-10-02T13:23:09.289+00:00","1790947389201"
"options","ضخود7134","call","","","","","2026-10-02T13:23:09.289+00:00","1790947389201"
"options","ضخود7135","call","","","","","2026-10-02T13:23:09.289+00:00","1790947389201"
"options","ضخود7136","call","","","","","2026-10-02T13:23:09.289+00:00","1790947389201"
"options","ضخود7137","call","","","","","2026-10-02T13:23:09.289+00:00","1790947389201"
"options","ضخود7138","call","","","","","2026-10-02T13:23:09.289+00:00","1790947389201"
"options","ضخود8052","call","","","","","2026-10-02T13:23:09.289+00:00","1790947389201"
"options","ضخود8053","call","","","","","2026-10-02T13:23:09.289+00:00","1790947389201"
"options","ضخود8054","call","","","","","2026-10-02T13:23:09.289+00:00","1790947389201"
"options","ضخود8055","call","","","","","2026-10-02T13:23:09.289+00:00","1790947389201"
"options","ضخود8056","call","","","","","2026-10-02T13:23:09.289+00:00","1790947389201"
"options","ضخود8057","call","","","","","2026-10-02T13:23:09.289+00:00","1790947389201"
"options","ضخود8058","call","","","","","2026-10-02T13:23:09.289+00:00","1790947389201"
"options","ضخود8059","call","","","","","2026-10-02T13:23:09.289+00:00","1790947389201"
"options","ضخود8060","call","","","","","2026-10-02T13:23:09.289+00:00","1790947389201"
"options","ضخود8061","call","","","","","2026-10-02T13:23:09.289+00:00","1790947389201"
"options","ضخود8062","call","","","","","2026-10-02T13:23:09.289+00:00","1790947389201"
"options","ضخود8063","call","","","","","2026-10-02T13:23:09.289+00:00","1790947389201"
"options","ضخود8064","call","","","","","2026-10-02T13:23:09.289+00:00","1790947389201"
"options","ضخود9048","call","","","","","2026-10-02T13:23:09.289+00:00","1790947389201"
"options","ضخود9049","call","","","","","2026-10-02T13:23:09.289+00:00","1790947389201"
"options","ضخود9050","call","","","","","2026-10-02T13:23:09.289+00:00","1790947389201"
"options","ضخود9051","call","","","","","2026-10-02T13:23:09.289+00:00","1790947389201"
"options","ضخود9052","call","","","","","2026-10-02T13:23:09.289+00:00","1790947389201"
"options","ضخود9053","call","","","","","2026-10-02T13:23:09.289+00:00","1790947389201"
"options","ضخود9054","call","","","","","2026-10-02T13:23:09.289+00:00","1790947389201"
"options","ضخود9055","call","","","","","2026-10-02T13:23:09.289+00:00","1790947389201"
"options","ضخود9056","call","","","","","2026-10-02T13:23:09.289+00:00","1790947389201"
"options","ضخود9057","call","","","","","2026-10-02T13:23:09.289+00:00","1790947389201"
"options","ضخود9058","call","","","","","2026-10-02T13:23:09.289+00:00","1790947389201"
"options","ضخود9059","call","","","","","2026-10-02T13:23:09.289+00:00","1790947389201"
"options","ضخود9060","call","","","","","2026-10-02T13:23:09.289+00:00","1790947389201"
"options","ضدرو7000","call","","","","","2026-10-02T13:23:09.289+00:00","1790947389201"
"options","ضدرو7001","call","","","","","2026-10-02T13:23:09.289+00:00","1790947389201"
"options","ضدرو7002","call","","","","","2026-10-02T13:23:09.289+00:00","1790947389201"
"options","ضدرو7003","call","","","","","2026-10-02T13:23:09.289+00:00","1790947389201"
"options","ضدرو7004","call","","","","","2026-10-02T13:23:09.289+00:00","1790947389201"
"options","ضدرو7005","call","","","","","2026-10-02T13:23:09.289+00:00","1790947389201"
"options","ضدرو7006","call","","","","","2026-10-02T13:23:09.289+00:00","1790947389201"
"options","ضدرو7007","call","","","","","2026-10-02T13:23:09.289+00:00","1790947389201"
"options","ضدرو7008","call","","","","","2026-10-02T13:23:09.289+00:00","1790947389201"
"options","ضدرو7009","call","","","","","2026-10-02T13:23:09.289+00:00","1790947389201"
"options","ضدرو7010","call","","","","","2026-10-02T13:23:09.289+00:00","1790947389201"
"options","ضدرو8000","call","","","","","2026-10-02T13:23:09.289+00:00","1790947389201"
"options","ضدرو8001","call","","","","","2026-10-02T13:23:09.289+00:00","1790947389201"
"options","ضدرو8002","call","","","","","2026-10-02T13:23:09.289+00:00","1790947389201"
"options","ضدرو8003","call","","","","","2026-10-02T13:23:09.289+00:00","1790947389201"
"options","ضدرو8004","call","","","","","2026-10-02T13:23:09.289+00:00","1790947389201"
"options","ضدرو8005","call","","","","","2026-10-02T13:23:09.289+00:00","1790947389201"
"options","ضدرو8006","call","","","","","2026-10-02T13:23:09.289+00:00","1790947389201"
"options","ضدرو8007","call","","","","","2026-10-02T13:23:09.289+00:00","1790947389201"
"options","ضدرو8008","call","","","","","2026-10-02T13:23:09.289+00:00","1790947389201"
"options","ضدرو8009","call","","","","","2026-10-02T13:23:09.289+00:00","1790947389201"
"options","ضدرو8010","call","","","","","2026-10-02T13:23:09.289+00:00","1790947389201"
"options","ضدرو9000","call","","","","","2026-10-02T13:23:09.289+00:00","1790947389201"
"options","ضدرو9001","call","","","","","2026-10-02T13:23:09.289+00:00","1790947389201"
"options","ضدرو9002","call","","","","","2026-10-02T13:23:09.289+00:00","1790947389201"
"options","ضدرو9003","call","","","","","2026-10-02T13:23:09.289+00:00","1790947389201"
"options","ضدرو9004","call","","","","","2026-10-02T13:23:09.289+00:00","1790947389201"
"options","ضدرو9005","call","","","","","2026-10-02T13:23:09.289+00:00","1790947389201"
"options","ضدرو9006","call","","","","","2026-10-02T13:23:09.289+00:00","1790947389201"
"options","ضدرو9007","call","","","","","2026-10-02T13:23:09.289+00:00","1790947389201"
"options","ضدرو9008","call","","","","","2026-10-02T13:23:09.289+00:00","1790947389201"
"options","ضدرو9009","call","","","","","2026-10-02T13:23:09.289+00:00","1790947389201"
"options","ضدرو9010","call","","","","","2026-10-02T13:23:09.289+00:00","1790947389201"
"options","ضدزاگرس700","call","","","","","2026-10-02T13:23:09.289+00:00","1790947389201"
"options","ضدزاگرس701","call","","","","","2026-10-02T13:23:09.289+00:00","1790947389201"
"options","ضدزاگرس702","call","","","","","2026-10-02T13:23:09.289+00:00","1790947389201"
"options","ضدزاگرس703","call","","","","","2026-10-02T13:23:09.289+00:00","1790947389201"
"options","ضدزاگرس704","call","","","","","2026-10-02T13:23:09.289+00:00","1790947389201"
"options","ضدزاگرس705","call","","","","","2026-10-02T13:23:09.289+00:00","1790947389201"
"options","ضدزاگرس706","call","","","","","2026-10-02T13:23:09.289+00:00","1790947389201"
"options","ضدزاگرس707","call","","","","","2026-10-02T13:23:09.289+00:00","1790947389201"
"options","ضدزاگرس708","call","","","","","2026-10-02T13:23:09.289+00:00","1790947389201"
"options","ضدزاگرس709","call","","","","","2026-10-02T13:23:09.289+00:00","1790947389201"
"options","ضدزاگرس710","call","","","","","2026-10-02T13:23:09.289+00:00","1790947389201"
"options","ضذوب7034","call","","","","","2026-10-02T13:23:09.289+00:00","1790947389201"
"options","ضذوب7035","call","","","","","2026-10-02T13:23:09.289+00:00","1790947389201"
"options","ضذوب7036","call","","","","","2026-10-02T13:23:09.289+00:00","1790947389201"
"options","ضذوب7037","call","","","","","2026-10-02T13:23:09.289+00:00","1790947389201"
"options","ضذوب7038","call","","","","","2026-10-02T13:23:09.289+00:00","1790947389201"
"options","ضذوب7039","call","","","","","2026-10-02T13:23:09.289+00:00","1790947389201"
"options","ضذوب7040","call","","","","","2026-10-02T13:23:09.289+00:00","1790947389201"
"options","ضذوب7041","call","","","","","2026-10-02T13:23:09.289+00:00","1790947389201"
"options","ضذوب7042","call","","","","","2026-10-02T13:23:09.289+00:00","1790947389201"
"options","ضذوب7043","call","","","","","2026-10-02T13:23:09.289+00:00","1790947389201"
"options","ضذوب7044","call","","","","","2026-10-02T13:23:09.289+00:00","1790947389201"
"options","ضذوب7045","call","","","","","2026-10-02T13:23:09.289+00:00","1790947389201"
"options","ضذوب7046","call","","","","","2026-10-02T13:23:09.289+00:00","1790947389201"
"options","ضذوب7047","call","","","","","2026-10-02T13:23:09.289+00:00","1790947389201"
"options","ضذوب7048","call","","","","","2026-10-02T13:23:09.289+00:00","1790947389201"
"options","ضذوب7049","call","","","","","2026-10-02T13:23:09.289+00:00","1790947389201"
"options","ضذوب7050","call","","","","","2026-10-02T13:23:09.289+00:00","1790947389201"
"options","ضذوب7051","call","","","","","2026-10-02T13:23:09.289+00:00","1790947389201"
"options","ضذوب8021","call","","","","","2026-10-02T13:23:09.289+00:00","1790947389201"
"options","ضذوب8022","call","","","","","2026-10-02T13:23:09.289+00:00","1790947389201"
"options","ضذوب8023","call","","","","","2026-10-02T13:23:09.289+00:00","1790947389201"
"options","ضذوب8024","call","","","","","2026-10-02T13:23:09.289+00:00","1790947389201"
"options","ضذوب8025","call","","","","","2026-10-02T13:23:09.289+00:00","1790947389201"
"options","ضذوب8026","call","","","","","2026-10-02T13:23:09.289+00:00","1790947389201"
"options","ضذوب8027","call","","","","","2026-10-02T13:23:09.289+00:00","1790947389201"
"options","ضذوب8028","call","","","","","2026-10-02T13:23:09.289+00:00","1790947389201"
"options","ضذوب8029","call","","","","","2026-10-02T13:23:09.289+00:00","1790947389201"
"options","ضذوب8030","call","","","","","2026-10-02T13:23:09.289+00:00","1790947389201"
"options","ضذوب8031","call","","","","","2026-10-02T13:23:09.289+00:00","1790947389201"
"options","ضذوب8032","call","","","","","2026-10-02T13:23:09.289+00:00","1790947389201"
"options","ضذوب8033","call","","","","","2026-10-02T13:23:09.289+00:00","1790947389201"
"options","ضذوب8034","call","","","","","2026-10-02T13:23:09.289+00:00","1790947389201"
"options","ضذوب8035","call","","","","","2026-10-02T13:23:09.289+00:00","1790947389201"
"options","ضذوب8036","call","","","","","2026-10-02T13:23:09.289+00:00","1790947389201"
"options","ضذوب8037","call","","","","","2026-10-02T13:23:09.289+00:00","1790947389201"
"options","ضذوب8038","call","","","","","2026-10-02T13:23:09.289+00:00","1790947389201"
"options","ضذوب9033","call","","","","","2026-10-02T13:23:09.289+00:00","1790947389201"
"options","ضذوب9034","call","","","","","2026-10-02T13:23:09.289+00:00","1790947389201"
"options","ضذوب9035","call","","","","","2026-10-02T13:23:09.289+00:00","1790947389201"
"options","ضذوب9036","call","","","","","2026-10-02T13:23:09.289+00:00","1790947389201"
"options","ضذوب9037","call","","","","","2026-10-02T13:23:09.289+00:00","1790947389201"
"options","ضذوب9038","call","","","","","2026-10-02T13:23:09.289+00:00","1790947389201"
"options","ضذوب9039","call","","","","","2026-10-02T13:23:09.289+00:00","1790947389201"
"options","ضذوب9040","call","","","","","2026-10-02T13:23:09.289+00:00","1790947389201"
"options","ضذوب9041","call","","","","","2026-10-02T13:23:09.289+00:00","1790947389201"
"options","ضذوب9042","call","","","","","2026-10-02T13:23:09.289+00:00","1790947389201"
"options","ضذوب9043","call","","","","","2026-10-02T13:23:09.289+00:00","1790947389201"
"options","ضذوب9044","call","","","","","2026-10-02T13:23:09.289+00:00","1790947389201"
"options","ضراز1000","call","","","","","2026-10-02T13:23:09.289+00:00","1790947389201"
"options","ضراز1001","call","","","","","2026-10-02T13:23:09.289+00:00","1790947389201"
"options","ضراز1002","call","","","","","2026-10-02T13:23:09.289+00:00","1790947389201"
"options","ضراز1003","call","","","","","2026-10-02T13:23:09.289+00:00","1790947389201"
"options","ضراز1004","call","","","","","2026-10-02T13:23:09.289+00:00","1790947389201"
"options","ضراز1005","call","","","","","2026-10-02T13:23:09.289+00:00","1790947389201"
"options","ضراز1006","call","","","","","2026-10-02T13:23:09.289+00:00","1790947389201"
"options","ضراز1007","call","","","","","2026-10-02T13:23:09.289+00:00","1790947389201"
"options","ضراز1008","call","","","","","2026-10-02T13:23:09.289+00:00","1790947389201"
"options","ضراز1009","call","","","","","2026-10-02T13:23:09.289+00:00","1790947389201"
"options","ضراز1010","call","","","","","2026-10-02T13:23:09.289+00:00","1790947389201"
"options","ضراز8000","call","","","","","2026-10-02T13:23:09.289+00:00","1790947389201"
"options","ضراز8001","call","","","","","2026-10-02T13:23:09.289+00:00","1790947389201"
"options","ضراز8002","call","","","","","2026-10-02T13:23:09.289+00:00","1790947389201"
"options","ضراز8003","call","","","","","2026-10-02T13:23:09.289+00:00","1790947389201"
"options","ضراز8004","call","","","","","2026-10-02T13:23:09.289+00:00","1790947389201"
"options","ضراز8005","call","","","","","2026-10-02T13:23:09.289+00:00","1790947389201"
"options","ضراز8006","call","","","","","2026-10-02T13:23:09.289+00:00","1790947389201"
"options","ضراز8007","call","","","","","2026-10-02T13:23:09.289+00:00","1790947389201"
"options","ضراز8008","call","","","","","2026-10-02T13:23:09.289+00:00","1790947389201"
"options","ضراز8009","call","","","","","2026-10-02T13:23:09.289+00:00","1790947389201"
"options","ضراز8010","call","","","","","2026-10-02T13:23:09.289+00:00","1790947389201"
"options","ضراز8011","call","","","","","2026-10-02T13:23:09.289+00:00","1790947389201"
"options","ضراز8012","call","","","","","2026-10-02T13:23:09.289+00:00","1790947389201"
"options","ضراز8013","call","","","","","2026-10-02T13:23:09.289+00:00","1790947389201"
"options","ضسپا7021","call","","","","","2026-10-02T13:23:09.289+00:00","1790947389201"
"options","ضسپا7022","call","","","","","2026-10-02T13:23:09.289+00:00","1790947389201"
"options","ضسپا7023","call","","","","","2026-10-02T13:23:09.289+00:00","1790947389201"
"options","ضسپا7024","call","","","","","2026-10-02T13:23:09.289+00:00","1790947389201"
"options","ضسپا7025","call","","","","","2026-10-02T13:23:09.289+00:00","1790947389201"
"options","ضسپا7026","call","","","","","2026-10-02T13:23:09.289+00:00","1790947389201"
"options","ضسپا7027","call","","","","","2026-10-02T13:23:09.289+00:00","1790947389201"
"options","ضسپا7028","call","","","","","2026-10-02T13:23:09.289+00:00","1790947389201"
"options","ضسپا7029","call","","","","","2026-10-02T13:23:09.289+00:00","1790947389201"
"options","ضسپا7030","call","","","","","2026-10-02T13:23:09.289+00:00","1790947389201"
"options","ضسپا7031","call","","","","","2026-10-02T13:23:09.289+00:00","1790947389201"
"options","ضسپا7032","call","","","","","2026-10-02T13:23:09.289+00:00","1790947389201"
"options","ضسپا7033","call","","","","","2026-10-02T13:23:09.289+00:00","1790947389201"
"options","ضسپا7034","call","","","","","2026-10-02T13:23:09.289+00:00","1790947389201"
"options","ضسپا7035","call","","","","","2026-10-02T13:23:09.289+00:00","1790947389201"
"options","ضسپا8081","call","","","","","2026-10-02T13:23:09.289+00:00","1790947389201"
"options","ضسپا8082","call","","","","","2026-10-02T13:23:09.289+00:00","1790947389201"
"options","ضسپا8083","call","","","","","2026-10-02T13:23:09.289+00:00","1790947389201"
"options","ضسپا8084","call","","","","","2026-10-02T13:23:09.289+00:00","1790947389201"
"options","ضسپا8085","call","","","","","2026-10-02T13:23:09.289+00:00","1790947389201"
"options","ضسپا8086","call","","","","","2026-10-02T13:23:09.289+00:00","1790947389201"
"options","ضسپا8087","call","","","","","2026-10-02T13:23:09.289+00:00","1790947389201"
"options","ضسپا8088","call","","","","","2026-10-02T13:23:09.289+00:00","1790947389201"
"options","ضسپا8089","call","","","","","2026-10-02T13:23:09.289+00:00","1790947389201"
"options","ضسپا8090","call","","","","","2026-10-02T13:23:09.289+00:00","1790947389201"
"options","ضسپا8091","call","","","","","2026-10-02T13:23:09.289+00:00","1790947389201"
"options","ضسپا8092","call","","","","","2026-10-02T13:23:09.289+00:00","1790947389201"
"options","ضسپا9021","call","","","","","2026-10-02T13:23:09.289+00:00","1790947389201"
"options","ضسپا9022","call","","","","","2026-10-02T13:23:09.289+00:00","1790947389201"
"options","ضسپا9023","call","","","","","2026-10-02T13:23:09.289+00:00","1790947389201"
"options","ضسپا9024","call","","","","","2026-10-02T13:23:09.289+00:00","1790947389201"
"options","ضسپا9025","call","","","","","2026-10-02T13:23:09.289+00:00","1790947389201"
"options","ضسپا9026","call","","","","","2026-10-02T13:23:09.289+00:00","1790947389201"
"options","ضسپا9027","call","","","","","2026-10-02T13:23:09.289+00:00","1790947389201"
"options","ضسپا9028","call","","","","","2026-10-02T13:23:09.289+00:00","1790947389201"
"options","ضسپا9029","call","","","","","2026-10-02T13:23:09.289+00:00","1790947389201"
"options","ضسپا9030","call","","","","","2026-10-02T13:23:09.289+00:00","1790947389201"
"options","ضسپا9031","call","","","","","2026-10-02T13:23:09.289+00:00","1790947389201"
"options","ضسپا9032","call","","","","","2026-10-02T13:23:09.289+00:00","1790947389201"
"options","ضستا7050","call","","","","","2026-10-02T13:23:09.289+00:00","1790947389201"
"options","ضستا7051","call","","","","","2026-10-02T13:23:09.289+00:00","1790947389201"
"options","ضستا7052","call","","","","","2026-10-02T13:23:09.289+00:00","1790947389201"
"options","ضستا7053","call","","","","","2026-10-02T13:23:09.289+00:00","1790947389201"
"options","ضستا7054","call","","","","","2026-10-02T13:23:09.289+00:00","1790947389201"
"options","ضستا7055","call","","","","","2026-10-02T13:23:09.289+00:00","1790947389201"
"options","ضستا7056","call","","","","","2026-10-02T13:23:09.289+00:00","1790947389201"
"options","ضستا7057","call","","","","","2026-10-02T13:23:09.289+00:00","1790947389201"
"options","ضستا7058","call","","","","","2026-10-02T13:23:09.289+00:00","1790947389201"
"options","ضستا7059","call","","","","","2026-10-02T13:23:09.289+00:00","1790947389201"
"options","ضستا7060","call","","","","","2026-10-02T13:23:09.289+00:00","1790947389201"
"options","ضستا7061","call","","","","","2026-10-02T13:23:09.289+00:00","1790947389201"
"options","ضستا7062","call","","","","","2026-10-02T13:23:09.289+00:00","1790947389201"
"options","ضستا7063","call","","","","","2026-10-02T13:23:09.289+00:00","1790947389201"
"options","ضستا7064","call","","","","","2026-10-02T13:23:09.289+00:00","1790947389201"
"options","ضستا7065","call","","","","","2026-10-02T13:23:09.289+00:00","1790947389201"
"options","ضستا7066","call","","","","","2026-10-02T13:23:09.289+00:00","1790947389201"
"options","ضستا7067","call","","","","","2026-10-02T13:23:09.289+00:00","1790947389201"
"options","ضستا8049","call","","","","","2026-10-02T13:23:09.289+00:00","1790947389201"
"options","ضستا8050","call","","","","","2026-10-02T13:23:09.289+00:00","1790947389201"
"options","ضستا8051","call","","","","","2026-10-02T13:23:09.289+00:00","1790947389201"
"options","ضستا8052","call","","","","","2026-10-02T13:23:09.289+00:00","1790947389201"
"options","ضستا8053","call","","","","","2026-10-02T13:23:09.289+00:00","1790947389201"
"options","ضستا8054","call","","","","","2026-10-02T13:23:09.289+00:00","1790947389201"
"options","ضستا8055","call","","","","","2026-10-02T13:23:09.289+00:00","1790947389201"
"options","ضستا8056","call","","","","","2026-10-02T13:23:09.289+00:00","1790947389201"
"options","ضستا8057","call","","","","","2026-10-02T13:23:09.289+00:00","1790947389201"
"options","ضستا8058","call","","","","","2026-10-02T13:23:09.289+00:00","1790947389201"
"options","ضستا8059","call","","","","","2026-10-02T13:23:09.289+00:00","1790947389201"
"options","ضستا8060","call","","","","","2026-10-02T13:23:09.289+00:00","1790947389201"
"options","ضستا8061","call","","","","","2026-10-02T13:23:09.289+00:00","1790947389201"
"options","ضستا8062","call","","","","","2026-10-02T13:23:09.289+00:00","1790947389201"
"options","ضستا8063","call","","","","","2026-10-02T13:23:09.289+00:00","1790947389201"
"options","ضستا8064","call","","","","","2026-10-02T13:23:09.289+00:00","1790947389201"
"options","ضستا9047","call","","","","","2026-10-02T13:23:09.289+00:00","1790947389201"
"options","ضستا9048","call","","","","","2026-10-02T13:23:09.289+00:00","1790947389201"
"options","ضستا9049","call","","","","","2026-10-02T13:23:09.289+00:00","1790947389201"
"options","ضستا9050","call","","","","","2026-10-02T13:23:09.289+00:00","1790947389201"
"options","ضستا9051","call","","","","","2026-10-02T13:23:09.289+00:00","1790947389201"
"options","ضستا9052","call","","","","","2026-10-02T13:23:09.289+00:00","1790947389201"
"options","ضستا9053","call","","","","","2026-10-02T13:23:09.289+00:00","1790947389201"
"options","ضستا9054","call","","","","","2026-10-02T13:23:09.289+00:00","1790947389201"
"options","ضستا9055","call","","","","","2026-10-02T13:23:09.289+00:00","1790947389201"
"options","ضستا9056","call","","","","","2026-10-02T13:23:09.289+00:00","1790947389201"
"options","ضستا9057","call","","","","","2026-10-02T13:23:09.289+00:00","1790947389201"
"options","ضستا9058","call","","","","","2026-10-02T13:23:09.289+00:00","1790947389201"
"options","ضشنا1300","call","","","","","2026-10-02T13:23:09.289+00:00","1790947389201"
"options","ضشنا1301","call","","","","","2026-10-02T13:23:09.289+00:00","1790947389201"
"options","ضشنا1302","call","","","","","2026-10-02T13:23:09.289+00:00","1790947389201"
"options","ضشنا1303","call","","","","","2026-10-02T13:23:09.289+00:00","1790947389201"
"options","ضشنا1304","call","","","","","2026-10-02T13:23:09.289+00:00","1790947389201"
"options","ضشنا1305","call","","","","","2026-10-02T13:23:09.289+00:00","1790947389201"
"options","ضشنا1306","call","","","","","2026-10-02T13:23:09.289+00:00","1790947389201"
"options","ضشنا1307","call","","","","","2026-10-02T13:23:09.289+00:00","1790947389201"
"options","ضشنا1308","call","","","","","2026-10-02T13:23:09.289+00:00","1790947389201"
"options","ضشنا1309","call","","","","","2026-10-02T13:23:09.289+00:00","1790947389201"
"options","ضشنا1310","call","","","","","2026-10-02T13:23:09.289+00:00","1790947389201"
"options","ضشنا1311","call","","","","","2026-10-02T13:23:09.289+00:00","1790947389201"
"options","ضشنا8056","call","","","","","2026-10-02T13:23:09.289+00:00","1790947389201"
"options","ضشنا8057","call","","","","","2026-10-02T13:23:09.289+00:00","1790947389201"
"options","ضشنا8058","call","","","","","2026-10-02T13:23:09.289+00:00","1790947389201"
"options","ضشنا8059","call","","","","","2026-10-02T13:23:09.289+00:00","1790947389201"
"options","ضشنا8060","call","","","","","2026-10-02T13:23:09.289+00:00","1790947389201"
"options","ضشنا8061","call","","","","","2026-10-02T13:23:09.289+00:00","1790947389201"
"options","ضشنا8062","call","","","","","2026-10-02T13:23:09.289+00:00","1790947389201"
"options","ضشنا8063","call","","","","","2026-10-02T13:23:09.289+00:00","1790947389201"
"options","ضشنا8064","call","","","","","2026-10-02T13:23:09.289+00:00","1790947389201"
"options","ضشنا8065","call","","","","","2026-10-02T13:23:09.289+00:00","1790947389201"
"options","ضشنا8066","call","","","","","2026-10-02T13:23:09.289+00:00","1790947389201"
"options","ضشنا9000","call","","","","","2026-10-02T13:23:09.289+00:00","1790947389201"
"options","ضشنا9001","call","","","","","2026-10-02T13:23:09.289+00:00","1790947389201"
"options","ضشنا9002","call","","","","","2026-10-02T13:23:09.289+00:00","1790947389201"
"options","ضشنا9003","call","","","","","2026-10-02T13:23:09.289+00:00","1790947389201"
"options","ضشنا9004","call","","","","","2026-10-02T13:23:09.289+00:00","1790947389201"
"options","ضشنا9005","call","","","","","2026-10-02T13:23:09.289+00:00","1790947389201"
"options","ضشنا9006","call","","","","","2026-10-02T13:23:09.289+00:00","1790947389201"
"options","ضشنا9007","call","","","","","2026-10-02T13:23:09.289+00:00","1790947389201"
"options","ضشنا9008","call","","","","","2026-10-02T13:23:09.289+00:00","1790947389201"
"options","ضشنا9009","call","","","","","2026-10-02T13:23:09.289+00:00","1790947389201"
"options","ضشنا9010","call","","","","","2026-10-02T13:23:09.289+00:00","1790947389201"
"options","ضشنا9011","call","","","","","2026-10-02T13:23:09.289+00:00","1790947389201"
"options","ضصاد7035","call","","","","","2026-10-02T13:23:09.289+00:00","1790947389201"
"options","ضصاد7037","call","","","","","2026-10-02T13:23:09.289+00:00","1790947389201"
"options","ضصاد7038","call","","","","","2026-10-02T13:23:09.289+00:00","1790947389201"
"options","ضصاد7039","call","","","","","2026-10-02T13:23:09.289+00:00","1790947389201"
"options","ضصاد7040","call","","","","","2026-10-02T13:23:09.289+00:00","1790947389201"
"options","ضصاد7041","call","","","","","2026-10-02T13:23:09.289+00:00","1790947389201"
"options","ضصاد7042","call","","","","","2026-10-02T13:23:09.289+00:00","1790947389201"
"options","ضصاد7043","call","","","","","2026-10-02T13:23:09.289+00:00","1790947389201"
"options","ضصاد7044","call","","","","","2026-10-02T13:23:09.289+00:00","1790947389201"
"options","ضصاد7045","call","","","","","2026-10-02T13:23:09.289+00:00","1790947389201"
"options","ضصاد7046","call","","","","","2026-10-02T13:23:09.289+00:00","1790947389201"
"options","ضصاد7047","call","","","","","2026-10-02T13:23:09.289+00:00","1790947389201"
"options","ضصاد7048","call","","","","","2026-10-02T13:23:09.289+00:00","1790947389201"
"options","ضصاد8056","call","","","","","2026-10-02T13:23:09.289+00:00","1790947389201"
"options","ضصاد9043","call","","","","","2026-10-02T13:23:09.289+00:00","1790947389201"
"options","ضصاد9044","call","","","","","2026-10-02T13:23:09.289+00:00","1790947389201"
"options","ضصاد9045","call","","","","","2026-10-02T13:23:09.289+00:00","1790947389201"
"options","ضطعام800","call","","","","","2026-10-02T13:23:09.289+00:00","1790947389201"
"options","ضطعام801","call","","","","","2026-10-02T13:23:09.289+00:00","1790947389201"
"options","ضطعام802","call","","","","","2026-10-02T13:23:09.289+00:00","1790947389201"
"options","ضطعام803","call","","","","","2026-10-02T13:23:09.289+00:00","1790947389201"
"options","ضطعام804","call","","","","","2026-10-02T13:23:09.289+00:00","1790947389201"
"options","ضطعام805","call","","","","","2026-10-02T13:23:09.289+00:00","1790947389201"
"options","ضطعام806","call","","","","","2026-10-02T13:23:09.289+00:00","1790947389201"
"options","ضطعام807","call","","","","","2026-10-02T13:23:09.289+00:00","1790947389201"
"options","ضطعام808","call","","","","","2026-10-02T13:23:09.289+00:00","1790947389201"
"options","ضطعام809","call","","","","","2026-10-02T13:23:09.289+00:00","1790947389201"
"options","ضطعام810","call","","","","","2026-10-02T13:23:09.289+00:00","1790947389201"
"options","ضفرابورس700","call","","","","","2026-10-02T13:23:09.289+00:00","1790947389201"
"options","ضفرابورس701","call","","","","","2026-10-02T13:23:09.289+00:00","1790947389201"
"options","ضفرابورس702","call","","","","","2026-10-02T13:23:09.289+00:00","1790947389201"
"options","ضفرابورس703","call","","","","","2026-10-02T13:23:09.289+00:00","1790947389201"
"options","ضفرابورس704","call","","","","","2026-10-02T13:23:09.289+00:00","1790947389201"
"options","ضفرابورس705","call","","","","","2026-10-02T13:23:09.289+00:00","1790947389201"
"options","ضفرابورس706","call","","","","","2026-10-02T13:23:09.289+00:00","1790947389201"
"options","ضفرابورس707","call","","","","","2026-10-02T13:23:09.289+00:00","1790947389201"
"options","ضفرابورس708","call","","","","","2026-10-02T13:23:09.289+00:00","1790947389201"
"options","ضفرابورس709","call","","","","","2026-10-02T13:23:09.289+00:00","1790947389201"
"options","ضفرابورس710","call","","","","","2026-10-02T13:23:09.289+00:00","1790947389201"
"options","ضفرابورس925","call","","","","","2026-10-02T13:23:09.289+00:00","1790947389201"
"options","ضفرابورس926","call","","","","","2026-10-02T13:23:09.289+00:00","1790947389201"
"options","ضفرابورس927","call","","","","","2026-10-02T13:23:09.289+00:00","1790947389201"
"options","ضفرابورس928","call","","","","","2026-10-02T13:23:09.289+00:00","1790947389201"
"options","ضفرابورس929","call","","","","","2026-10-02T13:23:09.289+00:00","1790947389201"
"options","ضفرابورس930","call","","","","","2026-10-02T13:23:09.289+00:00","1790947389201"
"options","ضفرابورس931","call","","","","","2026-10-02T13:23:09.289+00:00","1790947389201"
"options","ضفرابورس932","call","","","","","2026-10-02T13:23:09.289+00:00","1790947389201"
"options","ضفرابورس933","call","","","","","2026-10-02T13:23:09.289+00:00","1790947389201"
"options","ضفرابورس934","call","","","","","2026-10-02T13:23:09.289+00:00","1790947389201"
"options","ضفرابورس935","call","","","","","2026-10-02T13:23:09.289+00:00","1790947389201"
"options","ضفزر709","call","","","","","2026-10-02T13:23:09.289+00:00","1790947389201"
"options","ضفزر710","call","","","","","2026-10-02T13:23:09.289+00:00","1790947389201"
"options","ضفزر711","call","","","","","2026-10-02T13:23:09.289+00:00","1790947389201"
"options","ضفزر712","call","","","","","2026-10-02T13:23:09.289+00:00","1790947389201"
"options","ضفزر713","call","","","","","2026-10-02T13:23:09.289+00:00","1790947389201"
"options","ضفزر714","call","","","","","2026-10-02T13:23:09.289+00:00","1790947389201"
"options","ضفزر715","call","","","","","2026-10-02T13:23:09.289+00:00","1790947389201"
"options","ضفزر716","call","","","","","2026-10-02T13:23:09.289+00:00","1790947389201"
"options","ضفزر717","call","","","","","2026-10-02T13:23:09.289+00:00","1790947389201"
"options","ضفزر718","call","","","","","2026-10-02T13:23:09.289+00:00","1790947389201"
"options","ضفزر719","call","","","","","2026-10-02T13:23:09.289+00:00","1790947389201"
"options","ضفزر720","call","","","","","2026-10-02T13:23:09.289+00:00","1790947389201"
"options","ضفزر721","call","","","","","2026-10-02T13:23:09.289+00:00","1790947389201"
"options","ضفزر722","call","","","","","2026-10-02T13:23:09.289+00:00","1790947389201"
"options","ضفزر723","call","","","","","2026-10-02T13:23:09.289+00:00","1790947389201"
"options","ضفزر724","call","","","","","2026-10-02T13:23:09.289+00:00","1790947389201"
"options","ضفزر725","call","","","","","2026-10-02T13:23:09.289+00:00","1790947389201"
"options","ضفزر726","call","","","","","2026-10-02T13:23:09.289+00:00","1790947389201"
"options","ضفزر727","call","","","","","2026-10-02T13:23:09.289+00:00","1790947389201"
"options","ضفزر728","call","","","","","2026-10-02T13:23:09.289+00:00","1790947389201"
"options","ضفزر729","call","","","","","2026-10-02T13:23:09.289+00:00","1790947389201"
"options","ضفزر811","call","","","","","2026-10-02T13:23:09.289+00:00","1790947389201"
"options","ضفزر812","call","","","","","2026-10-02T13:23:09.289+00:00","1790947389201"
"options","ضفزر813","call","","","","","2026-10-02T13:23:09.289+00:00","1790947389201"
"options","ضفزر814","call","","","","","2026-10-02T13:23:09.289+00:00","1790947389201"
"options","ضفزر815","call","","","","","2026-10-02T13:23:09.289+00:00","1790947389201"
"options","ضفزر816","call","","","","","2026-10-02T13:23:09.289+00:00","1790947389201"
"options","ضفزر817","call","","","","","2026-10-02T13:23:09.289+00:00","1790947389201"
"options","ضفزر818","call","","","","","2026-10-02T13:23:09.289+00:00","1790947389201"
"options","ضفزر819","call","","","","","2026-10-02T13:23:09.289+00:00","1790947389201"
"options","ضفزر820","call","","","","","2026-10-02T13:23:09.289+00:00","1790947389201"
"options","ضفزر821","call","","","","","2026-10-02T13:23:09.289+00:00","1790947389201"
"options","ضکاریس927","call","","","","","2026-10-02T13:23:09.289+00:00","1790947389201"
"options","ضکاریس928","call","","","","","2026-10-02T13:23:09.289+00:00","1790947389201"
"options","ضکاریس929","call","","","","","2026-10-02T13:23:09.289+00:00","1790947389201"
"options","ضکاریس930","call","","","","","2026-10-02T13:23:09.289+00:00","1790947389201"
"options","ضکاریس931","call","","","","","2026-10-02T13:23:09.289+00:00","1790947389201"
"options","ضکاریس932","call","","","","","2026-10-02T13:23:09.289+00:00","1790947389201"
"options","ضکاریس933","call","","","","","2026-10-02T13:23:09.289+00:00","1790947389201"
"options","ضکاریس934","call","","","","","2026-10-02T13:23:09.289+00:00","1790947389201"
"options","ضکاریس935","call","","","","","2026-10-02T13:23:09.289+00:00","1790947389201"
"options","ضکاریس936","call","","","","","2026-10-02T13:23:09.289+00:00","1790947389201"
"options","ضکاریس937","call","","","","","2026-10-02T13:23:09.289+00:00","1790947389201"
"options","ضمخا7090","call","","","","","2026-10-02T13:23:09.289+00:00","1790947389201"
"options","ضمخا7091","call","","","","","2026-10-02T13:23:09.289+00:00","1790947389201"
"options","ضمخا7092","call","","","","","2026-10-02T13:23:09.289+00:00","1790947389201"
"options","ضمخا7093","call","","","","","2026-10-02T13:23:09.289+00:00","1790947389201"
"options","ضمخا7094","call","","","","","2026-10-02T13:23:09.289+00:00","1790947389201"
"options","ضمخا7095","call","","","","","2026-10-02T13:23:09.289+00:00","1790947389201"
"options","ضمخا7096","call","","","","","2026-10-02T13:23:09.289+00:00","1790947389201"
"options","ضمخا7097","call","","","","","2026-10-02T13:23:09.289+00:00","1790947389201"
"options","ضمخا7098","call","","","","","2026-10-02T13:23:09.289+00:00","1790947389201"
"options","ضمخا7099","call","","","","","2026-10-02T13:23:09.289+00:00","1790947389201"
"options","ضمخا7100","call","","","","","2026-10-02T13:23:09.289+00:00","1790947389201"
"options","ضمخا7101","call","","","","","2026-10-02T13:23:09.289+00:00","1790947389201"
"options","ضمخا7102","call","","","","","2026-10-02T13:23:09.289+00:00","1790947389201"
"options","ضمخا7103","call","","","","","2026-10-02T13:23:09.289+00:00","1790947389201"
"options","ضمخا7104","call","","","","","2026-10-02T13:23:09.289+00:00","1790947389201"
"options","ضمخا7105","call","","","","","2026-10-02T13:23:09.289+00:00","1790947389201"
"options","ضمخا7106","call","","","","","2026-10-02T13:23:09.289+00:00","1790947389201"
"options","ضمخا8012","call","","","","","2026-10-02T13:23:09.289+00:00","1790947389201"
"options","ضمخا8013","call","","","","","2026-10-02T13:23:09.289+00:00","1790947389201"
"options","ضمخا8014","call","","","","","2026-10-02T13:23:09.289+00:00","1790947389201"
"options","ضمخا8015","call","","","","","2026-10-02T13:23:09.289+00:00","1790947389201"
"options","ضمخا8016","call","","","","","2026-10-02T13:23:09.289+00:00","1790947389201"
"options","ضمخا8017","call","","","","","2026-10-02T13:23:09.289+00:00","1790947389201"
"options","ضمخا8018","call","","","","","2026-10-02T13:23:09.289+00:00","1790947389201"
"options","ضمخا8019","call","","","","","2026-10-02T13:23:09.289+00:00","1790947389201"
"options","ضمخا8020","call","","","","","2026-10-02T13:23:09.289+00:00","1790947389201"
"options","ضمخا8021","call","","","","","2026-10-02T13:23:09.289+00:00","1790947389201"
"options","ضمخا8022","call","","","","","2026-10-02T13:23:09.289+00:00","1790947389201"
"options","ضمخا8023","call","","","","","2026-10-02T13:23:09.289+00:00","1790947389201"
"options","ضمخا8024","call","","","","","2026-10-02T13:23:09.289+00:00","1790947389201"
"options","ضمخا9013","call","","","","","2026-10-02T13:23:09.289+00:00","1790947389201"
"options","ضمخا9014","call","","","","","2026-10-02T13:23:09.289+00:00","1790947389201"
"options","ضمخا9015","call","","","","","2026-10-02T13:23:09.289+00:00","1790947389201"
"options","ضمخا9016","call","","","","","2026-10-02T13:23:09.289+00:00","1790947389201"
"options","ضمخا9017","call","","","","","2026-10-02T13:23:09.289+00:00","1790947389201"
"options","ضمخا9018","call","","","","","2026-10-02T13:23:09.289+00:00","1790947389201"
"options","ضمخا9019","call","","","","","2026-10-02T13:23:09.289+00:00","1790947389201"
"options","ضمخا9020","call","","","","","2026-10-02T13:23:09.289+00:00","1790947389201"
"options","ضمخا9021","call","","","","","2026-10-02T13:23:09.289+00:00","1790947389201"
"options","ضمخا9022","call","","","","","2026-10-02T13:23:09.289+00:00","1790947389201"
"options","ضمخا9023","call","","","","","2026-10-02T13:23:09.289+00:00","1790947389201"
"options","ضمخا9024","call","","","","","2026-10-02T13:23:09.289+00:00","1790947389201"
"options","ضملت7036","call","","","","","2026-10-02T13:23:09.289+00:00","1790947389201"
"options","ضملت7037","call","","","","","2026-10-02T13:23:09.289+00:00","1790947389201"
"options","ضملت7038","call","","","","","2026-10-02T13:23:09.289+00:00","1790947389201"
"options","ضملت7039","call","","","","","2026-10-02T13:23:09.289+00:00","1790947389201"
"options","ضملت7040","call","","","","","2026-10-02T13:23:09.289+00:00","1790947389201"
"options","ضملت7041","call","","","","","2026-10-02T13:23:09.289+00:00","1790947389201"
"options","ضملت7042","call","","","","","2026-10-02T13:23:09.289+00:00","1790947389201"
"options","ضملت7043","call","","","","","2026-10-02T13:23:09.289+00:00","1790947389201"
"options","ضملت7044","call","","","","","2026-10-02T13:23:09.289+00:00","1790947389201"
"options","ضملت7045","call","","","","","2026-10-02T13:23:09.289+00:00","1790947389201"
"options","ضملت7046","call","","","","","2026-10-02T13:23:09.289+00:00","1790947389201"
"options","ضملت7047","call","","","","","2026-10-02T13:23:09.289+00:00","1790947389201"
"options","ضملت7048","call","","","","","2026-10-02T13:23:09.289+00:00","1790947389201"
"options","ضملت8068","call","","","","","2026-10-02T13:23:09.289+00:00","1790947389201"
"options","ضملت8069","call","","","","","2026-10-02T13:23:09.289+00:00","1790947389201"
"options","ضملت8070","call","","","","","2026-10-02T13:23:09.289+00:00","1790947389201"
"options","ضملت8071","call","","","","","2026-10-02T13:23:09.289+00:00","1790947389201"
"options","ضملت8072","call","","","","","2026-10-02T13:23:09.289+00:00","1790947389201"
"options","ضملت8073","call","","","","","2026-10-02T13:23:09.289+00:00","1790947389201"
"options","ضملت8074","call","","","","","2026-10-02T13:23:09.289+00:00","1790947389201"
"options","ضملت8075","call","","","","","2026-10-02T13:23:09.289+00:00","1790947389201"
"options","ضملت8076","call","","","","","2026-10-02T13:23:09.289+00:00","1790947389201"
"options","ضملت8077","call","","","","","2026-10-02T13:23:09.289+00:00","1790947389201"
"options","ضملت8078","call","","","","","2026-10-02T13:23:09.289+00:00","1790947389201"
"options","ضملت8079","call","","","","","2026-10-02T13:23:09.289+00:00","1790947389201"
"options","ضملت8080","call","","","","","2026-10-02T13:23:09.289+00:00","1790947389201"
"options","ضملت9036","call","","","","","2026-10-02T13:23:09.289+00:00","1790947389201"
"options","ضملت9037","call","","","","","2026-10-02T13:23:09.289+00:00","1790947389201"
"options","ضملت9038","call","","","","","2026-10-02T13:23:09.289+00:00","1790947389201"
"options","ضملت9039","call","","","","","2026-10-02T13:23:09.289+00:00","1790947389201"
"options","ضملت9040","call","","","","","2026-10-02T13:23:09.289+00:00","1790947389201"
"options","ضملت9041","call","","","","","2026-10-02T13:23:09.289+00:00","1790947389201"
"options","ضملت9042","call","","","","","2026-10-02T13:23:09.289+00:00","1790947389201"
"options","ضملت9043","call","","","","","2026-10-02T13:23:09.289+00:00","1790947389201"
"options","ضملت9044","call","","","","","2026-10-02T13:23:09.289+00:00","1790947389201"
"options","ضملت9045","call","","","","","2026-10-02T13:23:09.289+00:00","1790947389201"
"options","ضملت9046","call","","","","","2026-10-02T13:23:09.289+00:00","1790947389201"
"options","ضملت9047","call","","","","","2026-10-02T13:23:09.289+00:00","1790947389201"
"options","ضملت9048","call","","","","","2026-10-02T13:23:09.289+00:00","1790947389201"
"options","ضملی7061","call","","","","","2026-10-02T13:23:09.289+00:00","1790947389201"
"options","ضملی7062","call","","","","","2026-10-02T13:23:09.289+00:00","1790947389201"
"options","ضملی7063","call","","","","","2026-10-02T13:23:09.289+00:00","1790947389201"
"options","ضملی7064","call","","","","","2026-10-02T13:23:09.289+00:00","1790947389201"
"options","ضملی7065","call","","","","","2026-10-02T13:23:09.289+00:00","1790947389201"
"options","ضملی7066","call","","","","","2026-10-02T13:23:09.289+00:00","1790947389201"
"options","ضملی7067","call","","","","","2026-10-02T13:23:09.289+00:00","1790947389201"
"options","ضملی7068","call","","","","","2026-10-02T13:23:09.289+00:00","1790947389201"
"options","ضملی7069","call","","","","","2026-10-02T13:23:09.289+00:00","1790947389201"
"options","ضملی7070","call","","","","","2026-10-02T13:23:09.289+00:00","1790947389201"
"options","ضملی7071","call","","","","","2026-10-02T13:23:09.289+00:00","1790947389201"
"options","ضملی7072","call","","","","","2026-10-02T13:23:09.289+00:00","1790947389201"
"options","ضملی7073","call","","","","","2026-10-02T13:23:09.289+00:00","1790947389201"
"options","ضملی7074","call","","","","","2026-10-02T13:23:09.289+00:00","1790947389201"
"options","ضملی7075","call","","","","","2026-10-02T13:23:09.289+00:00","1790947389201"
"options","ضملی7076","call","","","","","2026-10-02T13:23:09.289+00:00","1790947389201"
"options","ضملی8088","call","","","","","2026-10-02T13:23:09.289+00:00","1790947389201"
"options","ضملی8089","call","","","","","2026-10-02T13:23:09.289+00:00","1790947389201"
"options","ضملی8090","call","","","","","2026-10-02T13:23:09.289+00:00","1790947389201"
"options","ضملی8091","call","","","","","2026-10-02T13:23:09.289+00:00","1790947389201"
"options","ضملی8092","call","","","","","2026-10-02T13:23:09.289+00:00","1790947389201"
"options","ضملی8093","call","","","","","2026-10-02T13:23:09.289+00:00","1790947389201"
"options","ضملی8094","call","","","","","2026-10-02T13:23:09.289+00:00","1790947389201"
"options","ضملی8095","call","","","","","2026-10-02T13:23:09.289+00:00","1790947389201"
"options","ضملی8096","call","","","","","2026-10-02T13:23:09.289+00:00","1790947389201"
"options","ضملی8097","call","","","","","2026-10-02T13:23:09.289+00:00","1790947389201"
"options","ضملی8098","call","","","","","2026-10-02T13:23:09.289+00:00","1790947389201"
"options","ضملی8099","call","","","","","2026-10-02T13:23:09.289+00:00","1790947389201"
"options","ضملی9033","call","","","","","2026-10-02T13:23:09.289+00:00","1790947389201"
"options","ضملی9034","call","","","","","2026-10-02T13:23:09.289+00:00","1790947389201"
"options","ضملی9035","call","","","","","2026-10-02T13:23:09.289+00:00","1790947389201"
"options","ضملی9036","call","","","","","2026-10-02T13:23:09.289+00:00","1790947389201"
"options","ضملی9037","call","","","","","2026-10-02T13:23:09.289+00:00","1790947389201"
"options","ضملی9038","call","","","","","2026-10-02T13:23:09.289+00:00","1790947389201"
"options","ضملی9039","call","","","","","2026-10-02T13:23:09.289+00:00","1790947389201"
"options","ضملی9040","call","","","","","2026-10-02T13:23:09.289+00:00","1790947389201"
"options","ضملی9041","call","","","","","2026-10-02T13:23:09.289+00:00","1790947389201"
"options","ضملی9042","call","","","","","2026-10-02T13:23:09.289+00:00","1790947389201"
"options","ضملی9043","call","","","","","2026-10-02T13:23:09.289+00:00","1790947389201"
"options","ضملی9044","call","","","","","2026-10-02T13:23:09.289+00:00","1790947389201"
"options","ضملی9045","call","","","","","2026-10-02T13:23:09.289+00:00","1790947389201"
"options","ضملی9046","call","","","","","2026-10-02T13:23:09.289+00:00","1790947389201"
"options","ضملی9047","call","","","","","2026-10-02T13:23:09.289+00:00","1790947389201"
"options","ضموج715","call","","","","","2026-10-02T13:23:09.289+00:00","1790947389201"
"options","ضموج716","call","","","","","2026-10-02T13:23:09.289+00:00","1790947389201"
"options","ضموج717","call","","","","","2026-10-02T13:23:09.289+00:00","1790947389201"
"options","ضموج718","call","","","","","2026-10-02T13:23:09.289+00:00","1790947389201"
"options","ضموج719","call","","","","","2026-10-02T13:23:09.289+00:00","1790947389201"
"options","ضموج720","call","","","","","2026-10-02T13:23:09.289+00:00","1790947389201"
"options","ضموج721","call","","","","","2026-10-02T13:23:09.289+00:00","1790947389201"
"options","ضموج722","call","","","","","2026-10-02T13:23:09.289+00:00","1790947389201"
"options","ضموج723","call","","","","","2026-10-02T13:23:09.289+00:00","1790947389201"
"options","ضموج724","call","","","","","2026-10-02T13:23:09.289+00:00","1790947389201"
"options","ضموج725","call","","","","","2026-10-02T13:23:09.289+00:00","1790947389201"
"options","ضموج726","call","","","","","2026-10-02T13:23:09.289+00:00","1790947389201"
"options","ضموج727","call","","","","","2026-10-02T13:23:09.289+00:00","1790947389201"
"options","ضموج728","call","","","","","2026-10-02T13:23:09.289+00:00","1790947389201"
"options","ضموج729","call","","","","","2026-10-02T13:23:09.289+00:00","1790947389201"
"options","ضموج730","call","","","","","2026-10-02T13:23:09.289+00:00","1790947389201"
"options","ضموج834","call","","","","","2026-10-02T13:23:09.289+00:00","1790947389201"
"options","ضموج835","call","","","","","2026-10-02T13:23:09.289+00:00","1790947389201"
"options","ضموج836","call","","","","","2026-10-02T13:23:09.289+00:00","1790947389201"
"options","ضموج837","call","","","","","2026-10-02T13:23:09.289+00:00","1790947389201"
"options","ضموج838","call","","","","","2026-10-02T13:23:09.289+00:00","1790947389201"
"options","ضموج839","call","","","","","2026-10-02T13:23:09.289+00:00","1790947389201"
"options","ضموج840","call","","","","","2026-10-02T13:23:09.289+00:00","1790947389201"
"options","ضموج841","call","","","","","2026-10-02T13:23:09.289+00:00","1790947389201"
"options","ضموج842","call","","","","","2026-10-02T13:23:09.289+00:00","1790947389201"
"options","ضموج843","call","","","","","2026-10-02T13:23:09.289+00:00","1790947389201"
"options","ضموج844","call","","","","","2026-10-02T13:23:09.289+00:00","1790947389201"
"options","ضموج845","call","","","","","2026-10-02T13:23:09.289+00:00","1790947389201"
"options","ضموج846","call","","","","","2026-10-02T13:23:09.289+00:00","1790947389201"
"options","ضموج847","call","","","","","2026-10-02T13:23:09.289+00:00","1790947389201"
"options","ضموج848","call","","","","","2026-10-02T13:23:09.289+00:00","1790947389201"
"options","ضموج849","call","","","","","2026-10-02T13:23:09.289+00:00","1790947389201"
"options","ضموج918","call","","","","","2026-10-02T13:23:09.289+00:00","1790947389201"
"options","ضموج919","call","","","","","2026-10-02T13:23:09.289+00:00","1790947389201"
"options","ضموج920","call","","","","","2026-10-02T13:23:09.289+00:00","1790947389201"
"options","ضموج921","call","","","","","2026-10-02T13:23:09.289+00:00","1790947389201"
"options","ضموج922","call","","","","","2026-10-02T13:23:09.289+00:00","1790947389201"
"options","ضموج923","call","","","","","2026-10-02T13:23:09.289+00:00","1790947389201"
"options","ضموج924","call","","","","","2026-10-02T13:23:09.289+00:00","1790947389201"
"options","ضموج925","call","","","","","2026-10-02T13:23:09.289+00:00","1790947389201"
"options","ضموج926","call","","","","","2026-10-02T13:23:09.289+00:00","1790947389201"
"options","ضموج927","call","","","","","2026-10-02T13:23:09.289+00:00","1790947389201"
"options","ضموج928","call","","","","","2026-10-02T13:23:09.289+00:00","1790947389201"
"options","ضموج929","call","","","","","2026-10-02T13:23:09.289+00:00","1790947389201"
"options","ضموج930","call","","","","","2026-10-02T13:23:09.289+00:00","1790947389201"
"options","ضموج931","call","","","","","2026-10-02T13:23:09.289+00:00","1790947389201"
"options","ضموج932","call","","","","","2026-10-02T13:23:09.289+00:00","1790947389201"
"options","ضموج933","call","","","","","2026-10-02T13:23:09.289+00:00","1790947389201"
"options","ضهرم7050","call","","","","","2026-10-02T13:23:09.289+00:00","1790947389201"
"options","ضهرم7051","call","","","","","2026-10-02T13:23:09.289+00:00","1790947389201"
"options","ضهرم7052","call","","","","","2026-10-02T13:23:09.289+00:00","1790947389201"
"options","ضهرم7053","call","","","","","2026-10-02T13:23:09.289+00:00","1790947389201"
"options","ضهرم7054","call","","","","","2026-10-02T13:23:09.289+00:00","1790947389201"
"options","ضهرم7055","call","","","","","2026-10-02T13:23:09.289+00:00","1790947389201"
"options","ضهرم7056","call","","","","","2026-10-02T13:23:09.289+00:00","1790947389201"
"options","ضهرم7057","call","","","","","2026-10-02T13:23:09.289+00:00","1790947389201"
"options","ضهرم7058","call","","","","","2026-10-02T13:23:09.289+00:00","1790947389201"
"options","ضهرم7059","call","","","","","2026-10-02T13:23:09.289+00:00","1790947389201"
"options","ضهرم7060","call","","","","","2026-10-02T13:23:09.289+00:00","1790947389201"
"options","ضهرم7061","call","","","","","2026-10-02T13:23:09.289+00:00","1790947389201"
"options","ضهرم7062","call","","","","","2026-10-02T13:23:09.289+00:00","1790947389201"
"options","ضهرم7063","call","","","","","2026-10-02T13:23:09.289+00:00","1790947389201"
"options","ضهرم7064","call","","","","","2026-10-02T13:23:09.289+00:00","1790947389201"
"options","ضهرم7065","call","","","","","2026-10-02T13:23:09.289+00:00","1790947389201"
"options","ضهرم7066","call","","","","","2026-10-02T13:23:09.289+00:00","1790947389201"
"options","ضهرم8024","call","","","","","2026-10-02T13:23:09.289+00:00","1790947389201"
"options","ضهرم8025","call","","","","","2026-10-02T13:23:09.289+00:00","1790947389201"
"options","ضهرم8026","call","","","","","2026-10-02T13:23:09.289+00:00","1790947389201"
"options","ضهرم8027","call","","","","","2026-10-02T13:23:09.289+00:00","1790947389201"
"options","ضهرم8028","call","","","","","2026-10-02T13:23:09.289+00:00","1790947389201"
"options","ضهرم8029","call","","","","","2026-10-02T13:23:09.289+00:00","1790947389201"
"options","ضهرم8030","call","","","","","2026-10-02T13:23:09.289+00:00","1790947389201"
"options","ضهرم8031","call","","","","","2026-10-02T13:23:09.289+00:00","1790947389201"
"options","ضهرم8032","call","","","","","2026-10-02T13:23:09.289+00:00","1790947389201"
"options","ضهرم8033","call","","","","","2026-10-02T13:23:09.289+00:00","1790947389201"
"options","ضهرم8034","call","","","","","2026-10-02T13:23:09.289+00:00","1790947389201"
"options","ضهرم8035","call","","","","","2026-10-02T13:23:09.289+00:00","1790947389201"
"options","ضهرم8036","call","","","","","2026-10-02T13:23:09.289+00:00","1790947389201"
"options","ضهرم9024","call","","","","","2026-10-02T13:23:09.289+00:00","1790947389201"
"options","ضهرم9025","call","","","","","2026-10-02T13:23:09.289+00:00","1790947389201"
"options","ضهرم9026","call","","","","","2026-10-02T13:23:09.289+00:00","1790947389201"
"options","ضهرم9027","call","","","","","2026-10-02T13:23:09.289+00:00","1790947389201"
"options","ضهرم9028","call","","","","","2026-10-02T13:23:09.289+00:00","1790947389201"
"options","ضهرم9029","call","","","","","2026-10-02T13:23:09.289+00:00","1790947389201"
"options","ضهرم9030","call","","","","","2026-10-02T13:23:09.289+00:00","1790947389201"
"options","ضهرم9031","call","","","","","2026-10-02T13:23:09.289+00:00","1790947389201"
"options","ضهرم9032","call","","","","","2026-10-02T13:23:09.289+00:00","1790947389201"
"options","ضهرم9033","call","","","","","2026-10-02T13:23:09.289+00:00","1790947389201"
"options","ضهرم9034","call","","","","","2026-10-02T13:23:09.289+00:00","1790947389201"
"options","ضهمن7027","call","","","","","2026-10-02T13:23:09.289+00:00","1790947389201"
"options","ضهمن7028","call","","","","","2026-10-02T13:23:09.289+00:00","1790947389201"
"options","ضهمن7029","call","","","","","2026-10-02T13:23:09.289+00:00","1790947389201"
"options","ضهمن7030","call","","","","","2026-10-02T13:23:09.289+00:00","1790947389201"
"options","ضهمن7031","call","","","","","2026-10-02T13:23:09.289+00:00","1790947389201"
"options","ضهمن7032","call","","","","","2026-10-02T13:23:09.289+00:00","1790947389201"
"options","ضهمن7033","call","","","","","2026-10-02T13:23:09.289+00:00","1790947389201"
"options","ضهمن7034","call","","","","","2026-10-02T13:23:09.289+00:00","1790947389201"
"options","ضهمن7035","call","","","","","2026-10-02T13:23:09.289+00:00","1790947389201"
"options","ضهمن7036","call","","","","","2026-10-02T13:23:09.289+00:00","1790947389201"
"options","ضهمن7037","call","","","","","2026-10-02T13:23:09.289+00:00","1790947389201"
"options","ضهمن7038","call","","","","","2026-10-02T13:23:09.289+00:00","1790947389201"
"options","ضهمن7039","call","","","","","2026-10-02T13:23:09.289+00:00","1790947389201"
"options","ضهمن9026","call","","","","","2026-10-02T13:23:09.289+00:00","1790947389201"
"options","ضهمن9027","call","","","","","2026-10-02T13:23:09.289+00:00","1790947389201"
"options","ضهمن9028","call","","","","","2026-10-02T13:23:09.289+00:00","1790947389201"
"options","ضهمن9029","call","","","","","2026-10-02T13:23:09.289+00:00","1790947389201"
"options","ضهمن9030","call","","","","","2026-10-02T13:23:09.289+00:00","1790947389201"
"options","ضهمن9031","call","","","","","2026-10-02T13:23:09.289+00:00","1790947389201"
"options","ضهمن9032","call","","","","","2026-10-02T13:23:09.289+00:00","1790947389201"
"options","ضهمن9033","call","","","","","2026-10-02T13:23:09.289+00:00","1790947389201"
"options","ضهمن9034","call","","","","","2026-10-02T13:23:09.289+00:00","1790947389201"
"options","ضهمن9035","call","","","","","2026-10-02T13:23:09.289+00:00","1790947389201"
"options","ضهمن9036","call","","","","","2026-10-02T13:23:09.289+00:00","1790947389201"
"options","ضهمن9037","call","","","","","2026-10-02T13:23:09.289+00:00","1790947389201"
"options","ضهمن9038","call","","","","","2026-10-02T13:23:09.289+00:00","1790947389201"
"options","طاطلس071900","put","","","","","2026-10-02T13:23:09.289+00:00","1790947389201"
"options","طاطلس071901","put","","","","","2026-10-02T13:23:09.289+00:00","1790947389201"
"options","طاطلس071902","put","","","","","2026-10-02T13:23:09.289+00:00","1790947389201"
"options","طاطلس071903","put","","","","","2026-10-02T13:23:09.289+00:00","1790947389201"
"options","طاطلس071904","put","","","","","2026-10-02T13:23:09.289+00:00","1790947389201"
"options","طاطلس071905","put","","","","","2026-10-02T13:23:09.289+00:00","1790947389201"
"options","طاطلس071906","put","","","","","2026-10-02T13:23:09.289+00:00","1790947389201"
"options","طاطلس071907","put","","","","","2026-10-02T13:23:09.289+00:00","1790947389201"
"options","طاطلس071908","put","","","","","2026-10-02T13:23:09.289+00:00","1790947389201"
"options","طاطلس071909","put","","","","","2026-10-02T13:23:09.289+00:00","1790947389201"
"options","طاطلس071910","put","","","","","2026-10-02T13:23:09.289+00:00","1790947389201"
"options","طاطلس080300","put","","","","","2026-10-02T13:23:09.289+00:00","1790947389201"
"options","طاطلس080301","put","","","","","2026-10-02T13:23:09.289+00:00","1790947389201"
"options","طاطلس080302","put","","","","","2026-10-02T13:23:09.289+00:00","1790947389201"
"options","طاطلس080303","put","","","","","2026-10-02T13:23:09.289+00:00","1790947389201"
"options","طاطلس080304","put","","","","","2026-10-02T13:23:09.289+00:00","1790947389201"
"options","طاطلس080305","put","","","","","2026-10-02T13:23:09.289+00:00","1790947389201"
"options","طاطلس080306","put","","","","","2026-10-02T13:23:09.289+00:00","1790947389201"
"options","طاطلس080307","put","","","","","2026-10-02T13:23:09.289+00:00","1790947389201"
"options","طاطلس080308","put","","","","","2026-10-02T13:23:09.289+00:00","1790947389201"
"options","طاطلس080309","put","","","","","2026-10-02T13:23:09.289+00:00","1790947389201"
"options","طاطلس080310","put","","","","","2026-10-02T13:23:09.289+00:00","1790947389201"
"options","طاطلس081700","put","","","","","2026-10-02T13:23:09.289+00:00","1790947389201"
"options","طاطلس081701","put","","","","","2026-10-02T13:23:09.289+00:00","1790947389201"
"options","طاطلس081702","put","","","","","2026-10-02T13:23:09.289+00:00","1790947389201"
"options","طاطلس081703","put","","","","","2026-10-02T13:23:09.289+00:00","1790947389201"
"options","طاطلس081704","put","","","","","2026-10-02T13:23:09.289+00:00","1790947389201"
"options","طاطلس081705","put","","","","","2026-10-02T13:23:09.289+00:00","1790947389201"
"options","طاطلس081706","put","","","","","2026-10-02T13:23:09.289+00:00","1790947389201"
"options","طاطلس081707","put","","","","","2026-10-02T13:23:09.289+00:00","1790947389201"
"options","طاطلس081708","put","","","","","2026-10-02T13:23:09.289+00:00","1790947389201"
"options","طاطلس081709","put","","","","","2026-10-02T13:23:09.289+00:00","1790947389201"
"options","طاطلس081710","put","","","","","2026-10-02T13:23:09.289+00:00","1790947389201"
"options","طاطلس090800","put","","","","","2026-10-02T13:23:09.289+00:00","1790947389201"
"options","طاطلس090801","put","","","","","2026-10-02T13:23:09.289+00:00","1790947389201"
"options","طاطلس090802","put","","","","","2026-10-02T13:23:09.289+00:00","1790947389201"
"options","طاطلس090803","put","","","","","2026-10-02T13:23:09.289+00:00","1790947389201"
"options","طاطلس090804","put","","","","","2026-10-02T13:23:09.289+00:00","1790947389201"
"options","طاطلس090805","put","","","","","2026-10-02T13:23:09.289+00:00","1790947389201"
"options","طاطلس090806","put","","","","","2026-10-02T13:23:09.289+00:00","1790947389201"
"options","طاطلس090807","put","","","","","2026-10-02T13:23:09.289+00:00","1790947389201"
"options","طاطلس090808","put","","","","","2026-10-02T13:23:09.289+00:00","1790947389201"
"options","طاطلس090809","put","","","","","2026-10-02T13:23:09.289+00:00","1790947389201"
"options","طاطلس090810","put","","","","","2026-10-02T13:23:09.289+00:00","1790947389201"
"options","طاطلس092200","put","","","","","2026-10-02T13:23:09.289+00:00","1790947389201"
"options","طاطلس092201","put","","","","","2026-10-02T13:23:09.289+00:00","1790947389201"
"options","طاطلس092202","put","","","","","2026-10-02T13:23:09.289+00:00","1790947389201"
"options","طاطلس092203","put","","","","","2026-10-02T13:23:09.289+00:00","1790947389201"
"options","طاطلس092204","put","","","","","2026-10-02T13:23:09.289+00:00","1790947389201"
"options","طاطلس092205","put","","","","","2026-10-02T13:23:09.289+00:00","1790947389201"
"options","طاطلس092206","put","","","","","2026-10-02T13:23:09.289+00:00","1790947389201"
"options","طاطلس092207","put","","","","","2026-10-02T13:23:09.289+00:00","1790947389201"
"options","طاطلس092208","put","","","","","2026-10-02T13:23:09.289+00:00","1790947389201"
"options","طاطلس092209","put","","","","","2026-10-02T13:23:09.289+00:00","1790947389201"
"options","طاطلس092210","put","","","","","2026-10-02T13:23:09.289+00:00","1790947389201"
"options","طبساما722","put","","","","","2026-10-02T13:23:09.289+00:00","1790947389201"
"options","طبساما723","put","","","","","2026-10-02T13:23:09.289+00:00","1790947389201"
"options","طبساما724","put","","","","","2026-10-02T13:23:09.289+00:00","1790947389201"
"options","طبساما725","put","","","","","2026-10-02T13:23:09.289+00:00","1790947389201"
"options","طبساما726","put","","","","","2026-10-02T13:23:09.289+00:00","1790947389201"
"options","طبساما727","put","","","","","2026-10-02T13:23:09.289+00:00","1790947389201"
"options","طبساما728","put","","","","","2026-10-02T13:23:09.289+00:00","1790947389201"
"options","طبساما729","put","","","","","2026-10-02T13:23:09.289+00:00","1790947389201"
"options","طبساما730","put","","","","","2026-10-02T13:23:09.289+00:00","1790947389201"
"options","طبساما731","put","","","","","2026-10-02T13:23:09.289+00:00","1790947389201"
"options","طبساما732","put","","","","","2026-10-02T13:23:09.289+00:00","1790947389201"
"options","طبساما733","put","","","","","2026-10-02T13:23:09.289+00:00","1790947389201"
"options","طبساما734","put","","","","","2026-10-02T13:23:09.289+00:00","1790947389201"
"options","طبساما735","put","","","","","2026-10-02T13:23:09.289+00:00","1790947389201"
"options","طبساما736","put","","","","","2026-10-02T13:23:09.289+00:00","1790947389201"
"options","طبساما737","put","","","","","2026-10-02T13:23:09.289+00:00","1790947389201"
"options","طبساما922","put","","","","","2026-10-02T13:23:09.289+00:00","1790947389201"
"options","طبساما923","put","","","","","2026-10-02T13:23:09.289+00:00","1790947389201"
"options","طبساما924","put","","","","","2026-10-02T13:23:09.289+00:00","1790947389201"
"options","طبساما925","put","","","","","2026-10-02T13:23:09.289+00:00","1790947389201"
"options","طبساما926","put","","","","","2026-10-02T13:23:09.289+00:00","1790947389201"
"options","طبساما927","put","","","","","2026-10-02T13:23:09.289+00:00","1790947389201"
"options","طبساما928","put","","","","","2026-10-02T13:23:09.289+00:00","1790947389201"
"options","طبساما929","put","","","","","2026-10-02T13:23:09.289+00:00","1790947389201"
"options","طبساما930","put","","","","","2026-10-02T13:23:09.289+00:00","1790947389201"
"options","طبساما931","put","","","","","2026-10-02T13:23:09.289+00:00","1790947389201"
"options","طبساما932","put","","","","","2026-10-02T13:23:09.289+00:00","1790947389201"
"options","طتاص7011","put","","","","","2026-10-02T13:23:09.289+00:00","1790947389201"
"options","طتاص7012","put","","","","","2026-10-02T13:23:09.289+00:00","1790947389201"
"options","طتاص7014","put","","","","","2026-10-02T13:23:09.289+00:00","1790947389201"
"options","طتاص7015","put","","","","","2026-10-02T13:23:09.289+00:00","1790947389201"
"options","طتاص7016","put","","","","","2026-10-02T13:23:09.289+00:00","1790947389201"
"options","طتاص7017","put","","","","","2026-10-02T13:23:09.289+00:00","1790947389201"
"options","طتاص7018","put","","","","","2026-10-02T13:23:09.289+00:00","1790947389201"
"options","طتاص9013","put","","","","","2026-10-02T13:23:09.289+00:00","1790947389201"
"options","طتاص9014","put","","","","","2026-10-02T13:23:09.289+00:00","1790947389201"
"options","طتاص9015","put","","","","","2026-10-02T13:23:09.289+00:00","1790947389201"
"options","طتاص9016","put","","","","","2026-10-02T13:23:09.289+00:00","1790947389201"
"options","طتاص9017","put","","","","","2026-10-02T13:23:09.289+00:00","1790947389201"
"options","طتاص9018","put","","","","","2026-10-02T13:23:09.289+00:00","1790947389201"
"options","طتاص9019","put","","","","","2026-10-02T13:23:09.289+00:00","1790947389201"
"options","طتاص9020","put","","","","","2026-10-02T13:23:09.289+00:00","1790947389201"
"options","طتاص9021","put","","","","","2026-10-02T13:23:09.289+00:00","1790947389201"
"options","طتاص9022","put","","","","","2026-10-02T13:23:09.289+00:00","1790947389201"
"options","طتاص9023","put","","","","","2026-10-02T13:23:09.289+00:00","1790947389201"
"options","طتاص9024","put","","","","","2026-10-02T13:23:09.289+00:00","1790947389201"
"options","طتاص9025","put","","","","","2026-10-02T13:23:09.289+00:00","1790947389201"
"options","طتاص9026","put","","","","","2026-10-02T13:23:09.289+00:00","1790947389201"
"options","طتاص9027","put","","","","","2026-10-02T13:23:09.289+00:00","1790947389201"
"options","طتاص9028","put","","","","","2026-10-02T13:23:09.289+00:00","1790947389201"
"options","طتاص9029","put","","","","","2026-10-02T13:23:09.289+00:00","1790947389201"
"options","طتوان728","put","","","","","2026-10-02T13:23:09.289+00:00","1790947389201"
"options","طتوان729","put","","","","","2026-10-02T13:23:09.289+00:00","1790947389201"
"options","طتوان730","put","","","","","2026-10-02T13:23:09.289+00:00","1790947389201"
"options","طتوان731","put","","","","","2026-10-02T13:23:09.289+00:00","1790947389201"
"options","طتوان732","put","","","","","2026-10-02T13:23:09.289+00:00","1790947389201"
"options","طتوان733","put","","","","","2026-10-02T13:23:09.289+00:00","1790947389201"
"options","طتوان734","put","","","","","2026-10-02T13:23:09.289+00:00","1790947389201"
"options","طتوان735","put","","","","","2026-10-02T13:23:09.289+00:00","1790947389201"
"options","طتوان736","put","","","","","2026-10-02T13:23:09.289+00:00","1790947389201"
"options","طتوان737","put","","","","","2026-10-02T13:23:09.289+00:00","1790947389201"
"options","طتوان738","put","","","","","2026-10-02T13:23:09.289+00:00","1790947389201"
"options","طتوان817","put","","","","","2026-10-02T13:23:09.289+00:00","1790947389201"
"options","طتوان818","put","","","","","2026-10-02T13:23:09.289+00:00","1790947389201"
"options","طتوان819","put","","","","","2026-10-02T13:23:09.289+00:00","1790947389201"
"options","طتوان820","put","","","","","2026-10-02T13:23:09.289+00:00","1790947389201"
"options","طتوان821","put","","","","","2026-10-02T13:23:09.289+00:00","1790947389201"
"options","طتوان822","put","","","","","2026-10-02T13:23:09.289+00:00","1790947389201"
"options","طتوان823","put","","","","","2026-10-02T13:23:09.289+00:00","1790947389201"
"options","طتوان824","put","","","","","2026-10-02T13:23:09.289+00:00","1790947389201"
"options","طتوان825","put","","","","","2026-10-02T13:23:09.289+00:00","1790947389201"
"options","طتوان826","put","","","","","2026-10-02T13:23:09.289+00:00","1790947389201"
"options","طتوان827","put","","","","","2026-10-02T13:23:09.289+00:00","1790947389201"
"options","طتوان917","put","","","","","2026-10-02T13:23:09.289+00:00","1790947389201"
"options","طتوان918","put","","","","","2026-10-02T13:23:09.289+00:00","1790947389201"
"options","طتوان919","put","","","","","2026-10-02T13:23:09.289+00:00","1790947389201"
"options","طتوان920","put","","","","","2026-10-02T13:23:09.289+00:00","1790947389201"
"options","طتوان921","put","","","","","2026-10-02T13:23:09.289+00:00","1790947389201"
"options","طتوان922","put","","","","","2026-10-02T13:23:09.289+00:00","1790947389201"
"options","طتوان923","put","","","","","2026-10-02T13:23:09.289+00:00","1790947389201"
"options","طتوان924","put","","","","","2026-10-02T13:23:09.289+00:00","1790947389201"
"options","طتوان925","put","","","","","2026-10-02T13:23:09.289+00:00","1790947389201"
"options","طتوان926","put","","","","","2026-10-02T13:23:09.289+00:00","1790947389201"
"options","طتوان927","put","","","","","2026-10-02T13:23:09.289+00:00","1790947389201"
"options","طجار1080","put","","","","","2026-10-02T13:23:09.289+00:00","1790947389201"
"options","طجار1081","put","","","","","2026-10-02T13:23:09.289+00:00","1790947389201"
"options","طجار1082","put","","","","","2026-10-02T13:23:09.289+00:00","1790947389201"
"options","طجار1083","put","","","","","2026-10-02T13:23:09.289+00:00","1790947389201"
"options","طجار1084","put","","","","","2026-10-02T13:23:09.289+00:00","1790947389201"
"options","طجار1085","put","","","","","2026-10-02T13:23:09.289+00:00","1790947389201"
"options","طجار1086","put","","","","","2026-10-02T13:23:09.289+00:00","1790947389201"
"options","طجار1087","put","","","","","2026-10-02T13:23:09.289+00:00","1790947389201"
"options","طجار1088","put","","","","","2026-10-02T13:23:09.289+00:00","1790947389201"
"options","طجار1089","put","","","","","2026-10-02T13:23:09.289+00:00","1790947389201"
"options","طجار1090","put","","","","","2026-10-02T13:23:09.289+00:00","1790947389201"
"options","طجار1091","put","","","","","2026-10-02T13:23:09.289+00:00","1790947389201"
"options","طجار1092","put","","","","","2026-10-02T13:23:09.289+00:00","1790947389201"
"options","طجار8022","put","","","","","2026-10-02T13:23:09.289+00:00","1790947389201"
"options","طجار8023","put","","","","","2026-10-02T13:23:09.289+00:00","1790947389201"
"options","طجار8024","put","","","","","2026-10-02T13:23:09.289+00:00","1790947389201"
"options","طجار8025","put","","","","","2026-10-02T13:23:09.289+00:00","1790947389201"
"options","طجار8026","put","","","","","2026-10-02T13:23:09.289+00:00","1790947389201"
"options","طجار8027","put","","","","","2026-10-02T13:23:09.289+00:00","1790947389201"
"options","طجار8028","put","","","","","2026-10-02T13:23:09.289+00:00","1790947389201"
"options","طجار8029","put","","","","","2026-10-02T13:23:09.289+00:00","1790947389201"
"options","طجار8030","put","","","","","2026-10-02T13:23:09.289+00:00","1790947389201"
"options","طجار8031","put","","","","","2026-10-02T13:23:09.289+00:00","1790947389201"
"options","طجار8032","put","","","","","2026-10-02T13:23:09.289+00:00","1790947389201"
"options","طجار8033","put","","","","","2026-10-02T13:23:09.289+00:00","1790947389201"
"options","طجار8034","put","","","","","2026-10-02T13:23:09.289+00:00","1790947389201"
"options","طجار9012","put","","","","","2026-10-02T13:23:09.289+00:00","1790947389201"
"options","طجار9013","put","","","","","2026-10-02T13:23:09.289+00:00","1790947389201"
"options","طجار9014","put","","","","","2026-10-02T13:23:09.289+00:00","1790947389201"
"options","طجار9015","put","","","","","2026-10-02T13:23:09.289+00:00","1790947389201"
"options","طجار9016","put","","","","","2026-10-02T13:23:09.289+00:00","1790947389201"
"options","طجار9017","put","","","","","2026-10-02T13:23:09.289+00:00","1790947389201"
"options","طجار9018","put","","","","","2026-10-02T13:23:09.289+00:00","1790947389201"
"options","طجار9019","put","","","","","2026-10-02T13:23:09.289+00:00","1790947389201"
"options","طجار9020","put","","","","","2026-10-02T13:23:09.289+00:00","1790947389201"
"options","طجار9021","put","","","","","2026-10-02T13:23:09.289+00:00","1790947389201"
"options","طجار9022","put","","","","","2026-10-02T13:23:09.289+00:00","1790947389201"
"options","طجار9023","put","","","","","2026-10-02T13:23:09.289+00:00","1790947389201"
"options","طجار9024","put","","","","","2026-10-02T13:23:09.289+00:00","1790947389201"
"options","طجوا1000","put","","","","","2026-10-02T13:23:09.289+00:00","1790947389201"
"options","طجوا1001","put","","","","","2026-10-02T13:23:09.289+00:00","1790947389201"
"options","طجوا1002","put","","","","","2026-10-02T13:23:09.289+00:00","1790947389201"
"options","طجوا1003","put","","","","","2026-10-02T13:23:09.289+00:00","1790947389201"
"options","طجوا1004","put","","","","","2026-10-02T13:23:09.289+00:00","1790947389201"
"options","طجوا1005","put","","","","","2026-10-02T13:23:09.289+00:00","1790947389201"
"options","طجوا1006","put","","","","","2026-10-02T13:23:09.289+00:00","1790947389201"
"options","طجوا1007","put","","","","","2026-10-02T13:23:09.289+00:00","1790947389201"
"options","طجوا1008","put","","","","","2026-10-02T13:23:09.289+00:00","1790947389201"
"options","طجوا1009","put","","","","","2026-10-02T13:23:09.289+00:00","1790947389201"
"options","طجوا1010","put","","","","","2026-10-02T13:23:09.289+00:00","1790947389201"
"options","طجوا8000","put","","","","","2026-10-02T13:23:09.289+00:00","1790947389201"
"options","طجوا8001","put","","","","","2026-10-02T13:23:09.289+00:00","1790947389201"
"options","طجوا8002","put","","","","","2026-10-02T13:23:09.289+00:00","1790947389201"
"options","طجوا8003","put","","","","","2026-10-02T13:23:09.289+00:00","1790947389201"
"options","طجوا8004","put","","","","","2026-10-02T13:23:09.289+00:00","1790947389201"
"options","طجوا8005","put","","","","","2026-10-02T13:23:09.289+00:00","1790947389201"
"options","طجوا8006","put","","","","","2026-10-02T13:23:09.289+00:00","1790947389201"
"options","طجوا8007","put","","","","","2026-10-02T13:23:09.289+00:00","1790947389201"
"options","طجوا8008","put","","","","","2026-10-02T13:23:09.289+00:00","1790947389201"
"options","طجوا8009","put","","","","","2026-10-02T13:23:09.289+00:00","1790947389201"
"options","طجوا8010","put","","","","","2026-10-02T13:23:09.289+00:00","1790947389201"
"options","طخود7126","put","","","","","2026-10-02T13:23:09.289+00:00","1790947389201"
"options","طخود7127","put","","","","","2026-10-02T13:23:09.289+00:00","1790947389201"
"options","طخود7128","put","","","","","2026-10-02T13:23:09.289+00:00","1790947389201"
"options","طخود7129","put","","","","","2026-10-02T13:23:09.289+00:00","1790947389201"
"options","طخود7130","put","","","","","2026-10-02T13:23:09.289+00:00","1790947389201"
"options","طخود7131","put","","","","","2026-10-02T13:23:09.289+00:00","1790947389201"
"options","طخود7132","put","","","","","2026-10-02T13:23:09.289+00:00","1790947389201"
"options","طخود7133","put","","","","","2026-10-02T13:23:09.289+00:00","1790947389201"
"options","طخود7134","put","","","","","2026-10-02T13:23:09.289+00:00","1790947389201"
"options","طخود7135","put","","","","","2026-10-02T13:23:09.289+00:00","1790947389201"
"options","طخود7136","put","","","","","2026-10-02T13:23:09.289+00:00","1790947389201"
"options","طخود7137","put","","","","","2026-10-02T13:23:09.289+00:00","1790947389201"
"options","طخود7138","put","","","","","2026-10-02T13:23:09.289+00:00","1790947389201"
"options","طخود8052","put","","","","","2026-10-02T13:23:09.289+00:00","1790947389201"
"options","طخود8053","put","","","","","2026-10-02T13:23:09.289+00:00","1790947389201"
"options","طخود8054","put","","","","","2026-10-02T13:23:09.289+00:00","1790947389201"
"options","طخود8055","put","","","","","2026-10-02T13:23:09.289+00:00","1790947389201"
"options","طخود8056","put","","","","","2026-10-02T13:23:09.289+00:00","1790947389201"
"options","طخود8057","put","","","","","2026-10-02T13:23:09.289+00:00","1790947389201"
"options","طخود8058","put","","","","","2026-10-02T13:23:09.289+00:00","1790947389201"
"options","طخود8059","put","","","","","2026-10-02T13:23:09.289+00:00","1790947389201"
"options","طخود8060","put","","","","","2026-10-02T13:23:09.289+00:00","1790947389201"
"options","طخود8061","put","","","","","2026-10-02T13:23:09.289+00:00","1790947389201"
"options","طخود8062","put","","","","","2026-10-02T13:23:09.289+00:00","1790947389201"
"options","طخود8063","put","","","","","2026-10-02T13:23:09.289+00:00","1790947389201"
"options","طخود8064","put","","","","","2026-10-02T13:23:09.289+00:00","1790947389201"
"options","طخود9048","put","","","","","2026-10-02T13:23:09.289+00:00","1790947389201"
"options","طخود9049","put","","","","","2026-10-02T13:23:09.289+00:00","1790947389201"
"options","طخود9050","put","","","","","2026-10-02T13:23:09.289+00:00","1790947389201"
"options","طخود9051","put","","","","","2026-10-02T13:23:09.289+00:00","1790947389201"
"options","طخود9052","put","","","","","2026-10-02T13:23:09.289+00:00","1790947389201"
"options","طخود9053","put","","","","","2026-10-02T13:23:09.289+00:00","1790947389201"
"options","طخود9054","put","","","","","2026-10-02T13:23:09.289+00:00","1790947389201"
"options","طخود9055","put","","","","","2026-10-02T13:23:09.289+00:00","1790947389201"
"options","طخود9056","put","","","","","2026-10-02T13:23:09.289+00:00","1790947389201"
"options","طخود9057","put","","","","","2026-10-02T13:23:09.289+00:00","1790947389201"
"options","طخود9058","put","","","","","2026-10-02T13:23:09.289+00:00","1790947389201"
"options","طخود9059","put","","","","","2026-10-02T13:23:09.289+00:00","1790947389201"
"options","طخود9060","put","","","","","2026-10-02T13:23:09.289+00:00","1790947389201"
"options","طدرو7000","put","","","","","2026-10-02T13:23:09.289+00:00","1790947389201"
"options","طدرو7001","put","","","","","2026-10-02T13:23:09.289+00:00","1790947389201"
"options","طدرو7002","put","","","","","2026-10-02T13:23:09.289+00:00","1790947389201"
"options","طدرو7003","put","","","","","2026-10-02T13:23:09.289+00:00","1790947389201"
"options","طدرو7004","put","","","","","2026-10-02T13:23:09.289+00:00","1790947389201"
"options","طدرو7005","put","","","","","2026-10-02T13:23:09.289+00:00","1790947389201"
"options","طدرو7006","put","","","","","2026-10-02T13:23:09.289+00:00","1790947389201"
"options","طدرو7007","put","","","","","2026-10-02T13:23:09.289+00:00","1790947389201"
"options","طدرو7008","put","","","","","2026-10-02T13:23:09.289+00:00","1790947389201"
"options","طدرو7009","put","","","","","2026-10-02T13:23:09.289+00:00","1790947389201"
"options","طدرو7010","put","","","","","2026-10-02T13:23:09.289+00:00","1790947389201"
"options","طدرو8000","put","","","","","2026-10-02T13:23:09.289+00:00","1790947389201"
"options","طدرو8001","put","","","","","2026-10-02T13:23:09.289+00:00","1790947389201"
"options","طدرو8002","put","","","","","2026-10-02T13:23:09.289+00:00","1790947389201"
"options","طدرو8003","put","","","","","2026-10-02T13:23:09.289+00:00","1790947389201"
"options","طدرو8004","put","","","","","2026-10-02T13:23:09.289+00:00","1790947389201"
"options","طدرو8005","put","","","","","2026-10-02T13:23:09.289+00:00","1790947389201"
"options","طدرو8006","put","","","","","2026-10-02T13:23:09.289+00:00","1790947389201"
"options","طدرو8007","put","","","","","2026-10-02T13:23:09.289+00:00","1790947389201"
"options","طدرو8008","put","","","","","2026-10-02T13:23:09.289+00:00","1790947389201"
"options","طدرو8009","put","","","","","2026-10-02T13:23:09.289+00:00","1790947389201"
"options","طدرو8010","put","","","","","2026-10-02T13:23:09.289+00:00","1790947389201"
"options","طدرو9000","put","","","","","2026-10-02T13:23:09.289+00:00","1790947389201"
"options","طدرو9001","put","","","","","2026-10-02T13:23:09.289+00:00","1790947389201"
"options","طدرو9002","put","","","","","2026-10-02T13:23:09.289+00:00","1790947389201"
"options","طدرو9003","put","","","","","2026-10-02T13:23:09.289+00:00","1790947389201"
"options","طدرو9004","put","","","","","2026-10-02T13:23:09.289+00:00","1790947389201"
"options","طدرو9005","put","","","","","2026-10-02T13:23:09.289+00:00","1790947389201"
"options","طدرو9006","put","","","","","2026-10-02T13:23:09.289+00:00","1790947389201"
"options","طدرو9007","put","","","","","2026-10-02T13:23:09.289+00:00","1790947389201"
"options","طدرو9008","put","","","","","2026-10-02T13:23:09.289+00:00","1790947389201"
"options","طدرو9009","put","","","","","2026-10-02T13:23:09.289+00:00","1790947389201"
"options","طدرو9010","put","","","","","2026-10-02T13:23:09.289+00:00","1790947389201"
"options","طدزاگرس700","put","","","","","2026-10-02T13:23:09.289+00:00","1790947389201"
"options","طدزاگرس701","put","","","","","2026-10-02T13:23:09.289+00:00","1790947389201"
"options","طدزاگرس702","put","","","","","2026-10-02T13:23:09.289+00:00","1790947389201"
"options","طدزاگرس703","put","","","","","2026-10-02T13:23:09.289+00:00","1790947389201"
"options","طدزاگرس704","put","","","","","2026-10-02T13:23:09.289+00:00","1790947389201"
"options","طدزاگرس705","put","","","","","2026-10-02T13:23:09.289+00:00","1790947389201"
"options","طدزاگرس706","put","","","","","2026-10-02T13:23:09.289+00:00","1790947389201"
"options","طدزاگرس707","put","","","","","2026-10-02T13:23:09.289+00:00","1790947389201"
"options","طدزاگرس708","put","","","","","2026-10-02T13:23:09.289+00:00","1790947389201"
"options","طدزاگرس709","put","","","","","2026-10-02T13:23:09.289+00:00","1790947389201"
"options","طدزاگرس710","put","","","","","2026-10-02T13:23:09.289+00:00","1790947389201"
"options","طذوب7036","put","","","","","2026-10-02T13:23:09.289+00:00","1790947389201"
"options","طذوب7037","put","","","","","2026-10-02T13:23:09.289+00:00","1790947389201"
"options","طذوب7040","put","","","","","2026-10-02T13:23:09.289+00:00","1790947389201"
"options","طذوب7041","put","","","","","2026-10-02T13:23:09.289+00:00","1790947389201"
"options","طذوب7042","put","","","","","2026-10-02T13:23:09.289+00:00","1790947389201"
"options","طذوب7043","put","","","","","2026-10-02T13:23:09.289+00:00","1790947389201"
"options","طذوب7044","put","","","","","2026-10-02T13:23:09.289+00:00","1790947389201"
"options","طذوب7045","put","","","","","2026-10-02T13:23:09.289+00:00","1790947389201"
"options","طذوب7046","put","","","","","2026-10-02T13:23:09.289+00:00","1790947389201"
"options","طذوب7047","put","","","","","2026-10-02T13:23:09.289+00:00","1790947389201"
"options","طذوب7048","put","","","","","2026-10-02T13:23:09.289+00:00","1790947389201"
"options","طذوب7049","put","","","","","2026-10-02T13:23:09.289+00:00","1790947389201"
"options","طذوب7050","put","","","","","2026-10-02T13:23:09.289+00:00","1790947389201"
"options","طذوب7051","put","","","","","2026-10-02T13:23:09.289+00:00","1790947389201"
"options","طذوب8021","put","","","","","2026-10-02T13:23:09.289+00:00","1790947389201"
"options","طذوب8025","put","","","","","2026-10-02T13:23:09.289+00:00","1790947389201"
"options","طذوب8026","put","","","","","2026-10-02T13:23:09.289+00:00","1790947389201"
"options","طذوب8027","put","","","","","2026-10-02T13:23:09.289+00:00","1790947389201"
"options","طذوب8028","put","","","","","2026-10-02T13:23:09.289+00:00","1790947389201"
"options","طذوب8029","put","","","","","2026-10-02T13:23:09.289+00:00","1790947389201"
"options","طذوب8030","put","","","","","2026-10-02T13:23:09.289+00:00","1790947389201"
"options","طذوب8031","put","","","","","2026-10-02T13:23:09.289+00:00","1790947389201"
"options","طذوب8032","put","","","","","2026-10-02T13:23:09.289+00:00","1790947389201"
"options","طذوب8033","put","","","","","2026-10-02T13:23:09.289+00:00","1790947389201"
"options","طذوب8034","put","","","","","2026-10-02T13:23:09.289+00:00","1790947389201"
"options","طذوب8035","put","","","","","2026-10-02T13:23:09.289+00:00","1790947389201"
"options","طذوب8036","put","","","","","2026-10-02T13:23:09.289+00:00","1790947389201"
"options","طذوب8037","put","","","","","2026-10-02T13:23:09.289+00:00","1790947389201"
"options","طذوب8038","put","","","","","2026-10-02T13:23:09.289+00:00","1790947389201"
"options","طذوب9033","put","","","","","2026-10-02T13:23:09.289+00:00","1790947389201"
"options","طذوب9034","put","","","","","2026-10-02T13:23:09.289+00:00","1790947389201"
"options","طذوب9035","put","","","","","2026-10-02T13:23:09.289+00:00","1790947389201"
"options","طذوب9036","put","","","","","2026-10-02T13:23:09.289+00:00","1790947389201"
"options","طذوب9037","put","","","","","2026-10-02T13:23:09.289+00:00","1790947389201"
"options","طذوب9038","put","","","","","2026-10-02T13:23:09.289+00:00","1790947389201"
"options","طذوب9039","put","","","","","2026-10-02T13:23:09.289+00:00","1790947389201"
"options","طذوب9040","put","","","","","2026-10-02T13:23:09.289+00:00","1790947389201"
"options","طذوب9041","put","","","","","2026-10-02T13:23:09.289+00:00","1790947389201"
"options","طذوب9042","put","","","","","2026-10-02T13:23:09.289+00:00","1790947389201"
"options","طذوب9043","put","","","","","2026-10-02T13:23:09.289+00:00","1790947389201"
"options","طذوب9044","put","","","","","2026-10-02T13:23:09.289+00:00","1790947389201"
"options","طراز1000","put","","","","","2026-10-02T13:23:09.289+00:00","1790947389201"
"options","طراز1001","put","","","","","2026-10-02T13:23:09.289+00:00","1790947389201"
"options","طراز1002","put","","","","","2026-10-02T13:23:09.289+00:00","1790947389201"
"options","طراز1003","put","","","","","2026-10-02T13:23:09.289+00:00","1790947389201"
"options","طراز1004","put","","","","","2026-10-02T13:23:09.289+00:00","1790947389201"
"options","طراز1005","put","","","","","2026-10-02T13:23:09.289+00:00","1790947389201"
"options","طراز1006","put","","","","","2026-10-02T13:23:09.289+00:00","1790947389201"
"options","طراز1007","put","","","","","2026-10-02T13:23:09.289+00:00","1790947389201"
"options","طراز1008","put","","","","","2026-10-02T13:23:09.289+00:00","1790947389201"
"options","طراز1009","put","","","","","2026-10-02T13:23:09.289+00:00","1790947389201"
"options","طراز1010","put","","","","","2026-10-02T13:23:09.289+00:00","1790947389201"
"options","طراز8000","put","","","","","2026-10-02T13:23:09.289+00:00","1790947389201"
"options","طراز8001","put","","","","","2026-10-02T13:23:09.289+00:00","1790947389201"
"options","طراز8002","put","","","","","2026-10-02T13:23:09.289+00:00","1790947389201"
"options","طراز8003","put","","","","","2026-10-02T13:23:09.289+00:00","1790947389201"
"options","طراز8004","put","","","","","2026-10-02T13:23:09.289+00:00","1790947389201"
"options","طراز8005","put","","","","","2026-10-02T13:23:09.289+00:00","1790947389201"
"options","طراز8006","put","","","","","2026-10-02T13:23:09.289+00:00","1790947389201"
"options","طراز8007","put","","","","","2026-10-02T13:23:09.289+00:00","1790947389201"
"options","طراز8008","put","","","","","2026-10-02T13:23:09.289+00:00","1790947389201"
"options","طراز8009","put","","","","","2026-10-02T13:23:09.289+00:00","1790947389201"
"options","طراز8010","put","","","","","2026-10-02T13:23:09.289+00:00","1790947389201"
"options","طراز8011","put","","","","","2026-10-02T13:23:09.289+00:00","1790947389201"
"options","طراز8012","put","","","","","2026-10-02T13:23:09.289+00:00","1790947389201"
"options","طراز8013","put","","","","","2026-10-02T13:23:09.289+00:00","1790947389201"
"options","طسپا7021","put","","","","","2026-10-02T13:23:09.289+00:00","1790947389201"
"options","طسپا7024","put","","","","","2026-10-02T13:23:09.289+00:00","1790947389201"
"options","طسپا7027","put","","","","","2026-10-02T13:23:09.289+00:00","1790947389201"
"options","طسپا7028","put","","","","","2026-10-02T13:23:09.289+00:00","1790947389201"
"options","طسپا7029","put","","","","","2026-10-02T13:23:09.289+00:00","1790947389201"
"options","طسپا7030","put","","","","","2026-10-02T13:23:09.289+00:00","1790947389201"
"options","طسپا7031","put","","","","","2026-10-02T13:23:09.289+00:00","1790947389201"
"options","طسپا7032","put","","","","","2026-10-02T13:23:09.289+00:00","1790947389201"
"options","طسپا7033","put","","","","","2026-10-02T13:23:09.289+00:00","1790947389201"
"options","طسپا7034","put","","","","","2026-10-02T13:23:09.289+00:00","1790947389201"
"options","طسپا7035","put","","","","","2026-10-02T13:23:09.289+00:00","1790947389201"
"options","طسپا8081","put","","","","","2026-10-02T13:23:09.289+00:00","1790947389201"
"options","طسپا8082","put","","","","","2026-10-02T13:23:09.289+00:00","1790947389201"
"options","طسپا8083","put","","","","","2026-10-02T13:23:09.289+00:00","1790947389201"
"options","طسپا8084","put","","","","","2026-10-02T13:23:09.289+00:00","1790947389201"
"options","طسپا8085","put","","","","","2026-10-02T13:23:09.289+00:00","1790947389201"
"options","طسپا8086","put","","","","","2026-10-02T13:23:09.289+00:00","1790947389201"
"options","طسپا8087","put","","","","","2026-10-02T13:23:09.289+00:00","1790947389201"
"options","طسپا8088","put","","","","","2026-10-02T13:23:09.289+00:00","1790947389201"
"options","طسپا8089","put","","","","","2026-10-02T13:23:09.289+00:00","1790947389201"
"options","طسپا8090","put","","","","","2026-10-02T13:23:09.289+00:00","1790947389201"
"options","طسپا8091","put","","","","","2026-10-02T13:23:09.289+00:00","1790947389201"
"options","طسپا8092","put","","","","","2026-10-02T13:23:09.289+00:00","1790947389201"
"options","طسپا9021","put","","","","","2026-10-02T13:23:09.289+00:00","1790947389201"
"options","طسپا9022","put","","","","","2026-10-02T13:23:09.289+00:00","1790947389201"
"options","طسپا9023","put","","","","","2026-10-02T13:23:09.289+00:00","1790947389201"
"options","طسپا9024","put","","","","","2026-10-02T13:23:09.289+00:00","1790947389201"
"options","طسپا9025","put","","","","","2026-10-02T13:23:09.289+00:00","1790947389201"
"options","طسپا9026","put","","","","","2026-10-02T13:23:09.289+00:00","1790947389201"
"options","طسپا9027","put","","","","","2026-10-02T13:23:09.289+00:00","1790947389201"
"options","طسپا9028","put","","","","","2026-10-02T13:23:09.289+00:00","1790947389201"
"options","طسپا9029","put","","","","","2026-10-02T13:23:09.289+00:00","1790947389201"
"options","طسپا9030","put","","","","","2026-10-02T13:23:09.289+00:00","1790947389201"
"options","طسپا9031","put","","","","","2026-10-02T13:23:09.289+00:00","1790947389201"
"options","طسپا9032","put","","","","","2026-10-02T13:23:09.289+00:00","1790947389201"
"options","طستا7050","put","","","","","2026-10-02T13:23:09.289+00:00","1790947389201"
"options","طستا7051","put","","","","","2026-10-02T13:23:09.289+00:00","1790947389201"
"options","طستا7054","put","","","","","2026-10-02T13:23:09.289+00:00","1790947389201"
"options","طستا7055","put","","","","","2026-10-02T13:23:09.289+00:00","1790947389201"
"options","طستا7056","put","","","","","2026-10-02T13:23:09.289+00:00","1790947389201"
"options","طستا7057","put","","","","","2026-10-02T13:23:09.289+00:00","1790947389201"
"options","طستا7058","put","","","","","2026-10-02T13:23:09.289+00:00","1790947389201"
"options","طستا7059","put","","","","","2026-10-02T13:23:09.289+00:00","1790947389201"
"options","طستا7060","put","","","","","2026-10-02T13:23:09.289+00:00","1790947389201"
"options","طستا7061","put","","","","","2026-10-02T13:23:09.289+00:00","1790947389201"
"options","طستا7062","put","","","","","2026-10-02T13:23:09.289+00:00","1790947389201"
"options","طستا7063","put","","","","","2026-10-02T13:23:09.289+00:00","1790947389201"
"options","طستا7064","put","","","","","2026-10-02T13:23:09.289+00:00","1790947389201"
"options","طستا7065","put","","","","","2026-10-02T13:23:09.289+00:00","1790947389201"
"options","طستا7066","put","","","","","2026-10-02T13:23:09.289+00:00","1790947389201"
"options","طستا7067","put","","","","","2026-10-02T13:23:09.289+00:00","1790947389201"
"options","طستا8049","put","","","","","2026-10-02T13:23:09.289+00:00","1790947389201"
"options","طستا8050","put","","","","","2026-10-02T13:23:09.289+00:00","1790947389201"
"options","طستا8051","put","","","","","2026-10-02T13:23:09.289+00:00","1790947389201"
"options","طستا8052","put","","","","","2026-10-02T13:23:09.289+00:00","1790947389201"
"options","طستا8053","put","","","","","2026-10-02T13:23:09.289+00:00","1790947389201"
"options","طستا8054","put","","","","","2026-10-02T13:23:09.289+00:00","1790947389201"
"options","طستا8055","put","","","","","2026-10-02T13:23:09.289+00:00","1790947389201"
"options","طستا8056","put","","","","","2026-10-02T13:23:09.289+00:00","1790947389201"
"options","طستا8057","put","","","","","2026-10-02T13:23:09.289+00:00","1790947389201"
"options","طستا8058","put","","","","","2026-10-02T13:23:09.289+00:00","1790947389201"
"options","طستا8059","put","","","","","2026-10-02T13:23:09.289+00:00","1790947389201"
"options","طستا8060","put","","","","","2026-10-02T13:23:09.289+00:00","1790947389201"
"options","طستا8061","put","","","","","2026-10-02T13:23:09.289+00:00","1790947389201"
"options","طستا8062","put","","","","","2026-10-02T13:23:09.289+00:00","1790947389201"
"options","طستا8063","put","","","","","2026-10-02T13:23:09.289+00:00","1790947389201"
"options","طستا8064","put","","","","","2026-10-02T13:23:09.289+00:00","1790947389201"
"options","طستا9047","put","","","","","2026-10-02T13:23:09.289+00:00","1790947389201"
"options","طستا9048","put","","","","","2026-10-02T13:23:09.289+00:00","1790947389201"
"options","طستا9049","put","","","","","2026-10-02T13:23:09.289+00:00","1790947389201"
"options","طستا9050","put","","","","","2026-10-02T13:23:09.289+00:00","1790947389201"
"options","طستا9051","put","","","","","2026-10-02T13:23:09.289+00:00","1790947389201"
"options","طستا9052","put","","","","","2026-10-02T13:23:09.289+00:00","1790947389201"
"options","طستا9053","put","","","","","2026-10-02T13:23:09.289+00:00","1790947389201"
"options","طستا9054","put","","","","","2026-10-02T13:23:09.289+00:00","1790947389201"
"options","طستا9055","put","","","","","2026-10-02T13:23:09.289+00:00","1790947389201"
"options","طستا9056","put","","","","","2026-10-02T13:23:09.289+00:00","1790947389201"
"options","طستا9057","put","","","","","2026-10-02T13:23:09.289+00:00","1790947389201"
"options","طستا9058","put","","","","","2026-10-02T13:23:09.289+00:00","1790947389201"
"options","طشنا1300","put","","","","","2026-10-02T13:23:09.289+00:00","1790947389201"
"options","طشنا1301","put","","","","","2026-10-02T13:23:09.289+00:00","1790947389201"
"options","طشنا1302","put","","","","","2026-10-02T13:23:09.289+00:00","1790947389201"
"options","طشنا1303","put","","","","","2026-10-02T13:23:09.289+00:00","1790947389201"
"options","طشنا1304","put","","","","","2026-10-02T13:23:09.289+00:00","1790947389201"
"options","طشنا1305","put","","","","","2026-10-02T13:23:09.289+00:00","1790947389201"
"options","طشنا1306","put","","","","","2026-10-02T13:23:09.289+00:00","1790947389201"
"options","طشنا1307","put","","","","","2026-10-02T13:23:09.289+00:00","1790947389201"
"options","طشنا1308","put","","","","","2026-10-02T13:23:09.289+00:00","1790947389201"
"options","طشنا1309","put","","","","","2026-10-02T13:23:09.289+00:00","1790947389201"
"options","طشنا1310","put","","","","","2026-10-02T13:23:09.289+00:00","1790947389201"
"options","طشنا1311","put","","","","","2026-10-02T13:23:09.289+00:00","1790947389201"
"options","طشنا8056","put","","","","","2026-10-02T13:23:09.289+00:00","1790947389201"
"options","طشنا8057","put","","","","","2026-10-02T13:23:09.289+00:00","1790947389201"
"options","طشنا8058","put","","","","","2026-10-02T13:23:09.289+00:00","1790947389201"
"options","طشنا8059","put","","","","","2026-10-02T13:23:09.289+00:00","1790947389201"
"options","طشنا8060","put","","","","","2026-10-02T13:23:09.289+00:00","1790947389201"
"options","طشنا8061","put","","","","","2026-10-02T13:23:09.289+00:00","1790947389201"
"options","طشنا8062","put","","","","","2026-10-02T13:23:09.289+00:00","1790947389201"
"options","طشنا8063","put","","","","","2026-10-02T13:23:09.289+00:00","1790947389201"
"options","طشنا8064","put","","","","","2026-10-02T13:23:09.289+00:00","1790947389201"
"options","طشنا8065","put","","","","","2026-10-02T13:23:09.289+00:00","1790947389201"
"options","طشنا8066","put","","","","","2026-10-02T13:23:09.289+00:00","1790947389201"
"options","طشنا9000","put","","","","","2026-10-02T13:23:09.289+00:00","1790947389201"
"options","طشنا9001","put","","","","","2026-10-02T13:23:09.289+00:00","1790947389201"
"options","طشنا9002","put","","","","","2026-10-02T13:23:09.289+00:00","1790947389201"
"options","طشنا9003","put","","","","","2026-10-02T13:23:09.289+00:00","1790947389201"
"options","طشنا9004","put","","","","","2026-10-02T13:23:09.289+00:00","1790947389201"
"options","طشنا9005","put","","","","","2026-10-02T13:23:09.289+00:00","1790947389201"
"options","طشنا9006","put","","","","","2026-10-02T13:23:09.289+00:00","1790947389201"
"options","طشنا9007","put","","","","","2026-10-02T13:23:09.289+00:00","1790947389201"
"options","طشنا9008","put","","","","","2026-10-02T13:23:09.289+00:00","1790947389201"
"options","طشنا9009","put","","","","","2026-10-02T13:23:09.289+00:00","1790947389201"
"options","طشنا9010","put","","","","","2026-10-02T13:23:09.289+00:00","1790947389201"
"options","طشنا9011","put","","","","","2026-10-02T13:23:09.289+00:00","1790947389201"
"options","ططعام800","put","","","","","2026-10-02T13:23:09.289+00:00","1790947389201"
"options","ططعام801","put","","","","","2026-10-02T13:23:09.289+00:00","1790947389201"
"options","ططعام802","put","","","","","2026-10-02T13:23:09.289+00:00","1790947389201"
"options","ططعام803","put","","","","","2026-10-02T13:23:09.289+00:00","1790947389201"
"options","ططعام804","put","","","","","2026-10-02T13:23:09.289+00:00","1790947389201"
"options","ططعام805","put","","","","","2026-10-02T13:23:09.289+00:00","1790947389201"
"options","ططعام806","put","","","","","2026-10-02T13:23:09.289+00:00","1790947389201"
"options","ططعام807","put","","","","","2026-10-02T13:23:09.289+00:00","1790947389201"
"options","ططعام808","put","","","","","2026-10-02T13:23:09.289+00:00","1790947389201"
"options","ططعام809","put","","","","","2026-10-02T13:23:09.289+00:00","1790947389201"
"options","ططعام810","put","","","","","2026-10-02T13:23:09.289+00:00","1790947389201"
"options","طفرابورس700","put","","","","","2026-10-02T13:23:09.289+00:00","1790947389201"
"options","طفرابورس701","put","","","","","2026-10-02T13:23:09.289+00:00","1790947389201"
"options","طفرابورس702","put","","","","","2026-10-02T13:23:09.289+00:00","1790947389201"
"options","طفرابورس703","put","","","","","2026-10-02T13:23:09.289+00:00","1790947389201"
"options","طفرابورس704","put","","","","","2026-10-02T13:23:09.289+00:00","1790947389201"
"options","طفرابورس705","put","","","","","2026-10-02T13:23:09.289+00:00","1790947389201"
"options","طفرابورس706","put","","","","","2026-10-02T13:23:09.289+00:00","1790947389201"
"options","طفرابورس707","put","","","","","2026-10-02T13:23:09.289+00:00","1790947389201"
"options","طفرابورس708","put","","","","","2026-10-02T13:23:09.289+00:00","1790947389201"
"options","طفرابورس709","put","","","","","2026-10-02T13:23:09.289+00:00","1790947389201"
"options","طفرابورس710","put","","","","","2026-10-02T13:23:09.289+00:00","1790947389201"
"options","طفرابورس925","put","","","","","2026-10-02T13:23:09.289+00:00","1790947389201"
"options","طفرابورس926","put","","","","","2026-10-02T13:23:09.289+00:00","1790947389201"
"options","طفرابورس927","put","","","","","2026-10-02T13:23:09.289+00:00","1790947389201"
"options","طفرابورس928","put","","","","","2026-10-02T13:23:09.289+00:00","1790947389201"
"options","طفرابورس929","put","","","","","2026-10-02T13:23:09.289+00:00","1790947389201"
"options","طفرابورس930","put","","","","","2026-10-02T13:23:09.289+00:00","1790947389201"
"options","طفرابورس931","put","","","","","2026-10-02T13:23:09.289+00:00","1790947389201"
"options","طفرابورس932","put","","","","","2026-10-02T13:23:09.289+00:00","1790947389201"
"options","طفرابورس933","put","","","","","2026-10-02T13:23:09.289+00:00","1790947389201"
"options","طفرابورس934","put","","","","","2026-10-02T13:23:09.289+00:00","1790947389201"
"options","طفرابورس935","put","","","","","2026-10-02T13:23:09.289+00:00","1790947389201"
"options","طفزر709","put","","","","","2026-10-02T13:23:09.289+00:00","1790947389201"
"options","طفزر710","put","","","","","2026-10-02T13:23:09.289+00:00","1790947389201"
"options","طفزر711","put","","","","","2026-10-02T13:23:09.289+00:00","1790947389201"
"options","طفزر712","put","","","","","2026-10-02T13:23:09.289+00:00","1790947389201"
"options","طفزر713","put","","","","","2026-10-02T13:23:09.289+00:00","1790947389201"
"options","طفزر714","put","","","","","2026-10-02T13:23:09.289+00:00","1790947389201"
"options","طفزر715","put","","","","","2026-10-02T13:23:09.289+00:00","1790947389201"
"options","طفزر716","put","","","","","2026-10-02T13:23:09.289+00:00","1790947389201"
"options","طفزر717","put","","","","","2026-10-02T13:23:09.289+00:00","1790947389201"
"options","طفزر718","put","","","","","2026-10-02T13:23:09.289+00:00","1790947389201"
"options","طفزر719","put","","","","","2026-10-02T13:23:09.289+00:00","1790947389201"
"options","طفزر720","put","","","","","2026-10-02T13:23:09.289+00:00","1790947389201"
"options","طفزر721","put","","","","","2026-10-02T13:23:09.289+00:00","1790947389201"
"options","طفزر722","put","","","","","2026-10-02T13:23:09.289+00:00","1790947389201"
"options","طفزر723","put","","","","","2026-10-02T13:23:09.289+00:00","1790947389201"
"options","طفزر724","put","","","","","2026-10-02T13:23:09.289+00:00","1790947389201"
"options","طفزر725","put","","","","","2026-10-02T13:23:09.289+00:00","1790947389201"
"options","طفزر726","put","","","","","2026-10-02T13:23:09.289+00:00","1790947389201"
"options","طفزر727","put","","","","","2026-10-02T13:23:09.289+00:00","1790947389201"
"options","طفزر728","put","","","","","2026-10-02T13:23:09.289+00:00","1790947389201"
"options","طفزر729","put","","","","","2026-10-02T13:23:09.289+00:00","1790947389201"
"options","طفزر811","put","","","","","2026-10-02T13:23:09.289+00:00","1790947389201"
"options","طفزر812","put","","","","","2026-10-02T13:23:09.289+00:00","1790947389201"
"options","طفزر813","put","","","","","2026-10-02T13:23:09.289+00:00","1790947389201"
"options","طفزر814","put","","","","","2026-10-02T13:23:09.289+00:00","1790947389201"
"options","طفزر815","put","","","","","2026-10-02T13:23:09.289+00:00","1790947389201"
"options","طفزر816","put","","","","","2026-10-02T13:23:09.289+00:00","1790947389201"
"options","طفزر817","put","","","","","2026-10-02T13:23:09.289+00:00","1790947389201"
"options","طفزر818","put","","","","","2026-10-02T13:23:09.289+00:00","1790947389201"
"options","طفزر819","put","","","","","2026-10-02T13:23:09.289+00:00","1790947389201"
"options","طفزر820","put","","","","","2026-10-02T13:23:09.289+00:00","1790947389201"
"options","طفزر821","put","","","","","2026-10-02T13:23:09.289+00:00","1790947389201"
"options","طکاریس927","put","","","","","2026-10-02T13:23:09.289+00:00","1790947389201"
"options","طکاریس928","put","","","","","2026-10-02T13:23:09.289+00:00","1790947389201"
"options","طکاریس929","put","","","","","2026-10-02T13:23:09.289+00:00","1790947389201"
"options","طکاریس930","put","","","","","2026-10-02T13:23:09.289+00:00","1790947389201"
"options","طکاریس931","put","","","","","2026-10-02T13:23:09.289+00:00","1790947389201"
"options","طکاریس932","put","","","","","2026-10-02T13:23:09.289+00:00","1790947389201"
"options","طکاریس933","put","","","","","2026-10-02T13:23:09.289+00:00","1790947389201"
"options","طکاریس934","put","","","","","2026-10-02T13:23:09.289+00:00","1790947389201"
"options","طکاریس935","put","","","","","2026-10-02T13:23:09.289+00:00","1790947389201"
"options","طکاریس936","put","","","","","2026-10-02T13:23:09.289+00:00","1790947389201"
"options","طکاریس937","put","","","","","2026-10-02T13:23:09.289+00:00","1790947389201"
"options","طمخا7097","put","","","","","2026-10-02T13:23:09.289+00:00","1790947389201"
"options","طمخا7098","put","","","","","2026-10-02T13:23:09.289+00:00","1790947389201"
"options","طمخا7099","put","","","","","2026-10-02T13:23:09.289+00:00","1790947389201"
"options","طمخا7100","put","","","","","2026-10-02T13:23:09.289+00:00","1790947389201"
"options","طمخا7101","put","","","","","2026-10-02T13:23:09.289+00:00","1790947389201"
"options","طمخا7102","put","","","","","2026-10-02T13:23:09.289+00:00","1790947389201"
"options","طمخا7103","put","","","","","2026-10-02T13:23:09.289+00:00","1790947389201"
"options","طمخا7104","put","","","","","2026-10-02T13:23:09.289+00:00","1790947389201"
"options","طمخا7105","put","","","","","2026-10-02T13:23:09.289+00:00","1790947389201"
"options","طمخا7106","put","","","","","2026-10-02T13:23:09.289+00:00","1790947389201"
"options","طمخا8012","put","","","","","2026-10-02T13:23:09.289+00:00","1790947389201"
"options","طمخا8013","put","","","","","2026-10-02T13:23:09.289+00:00","1790947389201"
"options","طمخا8014","put","","","","","2026-10-02T13:23:09.289+00:00","1790947389201"
"options","طمخا8015","put","","","","","2026-10-02T13:23:09.289+00:00","1790947389201"
"options","طمخا8016","put","","","","","2026-10-02T13:23:09.289+00:00","1790947389201"
"options","طمخا8017","put","","","","","2026-10-02T13:23:09.289+00:00","1790947389201"
"options","طمخا8018","put","","","","","2026-10-02T13:23:09.289+00:00","1790947389201"
"options","طمخا8019","put","","","","","2026-10-02T13:23:09.289+00:00","1790947389201"
"options","طمخا8020","put","","","","","2026-10-02T13:23:09.289+00:00","1790947389201"
"options","طمخا8021","put","","","","","2026-10-02T13:23:09.289+00:00","1790947389201"
"options","طمخا8022","put","","","","","2026-10-02T13:23:09.289+00:00","1790947389201"
"options","طمخا8023","put","","","","","2026-10-02T13:23:09.289+00:00","1790947389201"
"options","طمخا8024","put","","","","","2026-10-02T13:23:09.289+00:00","1790947389201"
"options","طمخا9013","put","","","","","2026-10-02T13:23:09.289+00:00","1790947389201"
"options","طمخا9014","put","","","","","2026-10-02T13:23:09.289+00:00","1790947389201"
"options","طمخا9015","put","","","","","2026-10-02T13:23:09.289+00:00","1790947389201"
"options","طمخا9016","put","","","","","2026-10-02T13:23:09.289+00:00","1790947389201"
"options","طمخا9017","put","","","","","2026-10-02T13:23:09.289+00:00","1790947389201"
"options","طمخا9018","put","","","","","2026-10-02T13:23:09.289+00:00","1790947389201"
"options","طمخا9019","put","","","","","2026-10-02T13:23:09.289+00:00","1790947389201"
"options","طمخا9020","put","","","","","2026-10-02T13:23:09.289+00:00","1790947389201"
"options","طمخا9021","put","","","","","2026-10-02T13:23:09.289+00:00","1790947389201"
"options","طمخا9022","put","","","","","2026-10-02T13:23:09.289+00:00","1790947389201"
"options","طمخا9023","put","","","","","2026-10-02T13:23:09.289+00:00","1790947389201"
"options","طمخا9024","put","","","","","2026-10-02T13:23:09.289+00:00","1790947389201"
"options","طملت7036","put","","","","","2026-10-02T13:23:09.289+00:00","1790947389201"
"options","طملت7037","put","","","","","2026-10-02T13:23:09.289+00:00","1790947389201"
"options","طملت7038","put","","","","","2026-10-02T13:23:09.289+00:00","1790947389201"
"options","طملت7039","put","","","","","2026-10-02T13:23:09.289+00:00","1790947389201"
"options","طملت7040","put","","","","","2026-10-02T13:23:09.289+00:00","1790947389201"
"options","طملت7041","put","","","","","2026-10-02T13:23:09.289+00:00","1790947389201"
"options","طملت7042","put","","","","","2026-10-02T13:23:09.289+00:00","1790947389201"
"options","طملت7043","put","","","","","2026-10-02T13:23:09.289+00:00","1790947389201"
"options","طملت7044","put","","","","","2026-10-02T13:23:09.289+00:00","1790947389201"
"options","طملت7045","put","","","","","2026-10-02T13:23:09.289+00:00","1790947389201"
"options","طملت7046","put","","","","","2026-10-02T13:23:09.289+00:00","1790947389201"
"options","طملت7047","put","","","","","2026-10-02T13:23:09.289+00:00","1790947389201"
"options","طملت7048","put","","","","","2026-10-02T13:23:09.289+00:00","1790947389201"
"options","طملت8068","put","","","","","2026-10-02T13:23:09.289+00:00","1790947389201"
"options","طملت8069","put","","","","","2026-10-02T13:23:09.289+00:00","1790947389201"
"options","طملت8070","put","","","","","2026-10-02T13:23:09.289+00:00","1790947389201"
"options","طملت8071","put","","","","","2026-10-02T13:23:09.289+00:00","1790947389201"
"options","طملت8072","put","","","","","2026-10-02T13:23:09.289+00:00","1790947389201"
"options","طملت8073","put","","","","","2026-10-02T13:23:09.289+00:00","1790947389201"
"options","طملت8074","put","","","","","2026-10-02T13:23:09.289+00:00","1790947389201"
"options","طملت8075","put","","","","","2026-10-02T13:23:09.289+00:00","1790947389201"
"options","طملت8076","put","","","","","2026-10-02T13:23:09.289+00:00","1790947389201"
"options","طملت8077","put","","","","","2026-10-02T13:23:09.289+00:00","1790947389201"
"options","طملت8078","put","","","","","2026-10-02T13:23:09.289+00:00","1790947389201"
"options","طملت8079","put","","","","","2026-10-02T13:23:09.289+00:00","1790947389201"
"options","طملت8080","put","","","","","2026-10-02T13:23:09.289+00:00","1790947389201"
"options","طملت9036","put","","","","","2026-10-02T13:23:09.289+00:00","1790947389201"
"options","طملت9037","put","","","","","2026-10-02T13:23:09.289+00:00","1790947389201"
"options","طملت9038","put","","","","","2026-10-02T13:23:09.289+00:00","1790947389201"
"options","طملت9039","put","","","","","2026-10-02T13:23:09.289+00:00","1790947389201"
"options","طملت9040","put","","","","","2026-10-02T13:23:09.289+00:00","1790947389201"
"options","طملت9041","put","","","","","2026-10-02T13:23:09.289+00:00","1790947389201"
"options","طملت9042","put","","","","","2026-10-02T13:23:09.289+00:00","1790947389201"
"options","طملت9043","put","","","","","2026-10-02T13:23:09.289+00:00","1790947389201"
"options","طملت9044","put","","","","","2026-10-02T13:23:09.289+00:00","1790947389201"
"options","طملت9045","put","","","","","2026-10-02T13:23:09.289+00:00","1790947389201"
"options","طملت9046","put","","","","","2026-10-02T13:23:09.289+00:00","1790947389201"
"options","طملت9047","put","","","","","2026-10-02T13:23:09.289+00:00","1790947389201"
"options","طملت9048","put","","","","","2026-10-02T13:23:09.289+00:00","1790947389201"
"options","طملی7061","put","","","","","2026-10-02T13:23:09.289+00:00","1790947389201"
"options","طملی7062","put","","","","","2026-10-02T13:23:09.289+00:00","1790947389201"
"options","طملی7064","put","","","","","2026-10-02T13:23:09.289+00:00","1790947389201"
"options","طملی7066","put","","","","","2026-10-02T13:23:09.289+00:00","1790947389201"
"options","طملی7068","put","","","","","2026-10-02T13:23:09.289+00:00","1790947389201"
"options","طملی7069","put","","","","","2026-10-02T13:23:09.289+00:00","1790947389201"
"options","طملی7070","put","","","","","2026-10-02T13:23:09.289+00:00","1790947389201"
"options","طملی7071","put","","","","","2026-10-02T13:23:09.289+00:00","1790947389201"
"options","طملی7072","put","","","","","2026-10-02T13:23:09.289+00:00","1790947389201"
"options","طملی7073","put","","","","","2026-10-02T13:23:09.289+00:00","1790947389201"
"options","طملی7074","put","","","","","2026-10-02T13:23:09.289+00:00","1790947389201"
"options","طملی7075","put","","","","","2026-10-02T13:23:09.289+00:00","1790947389201"
"options","طملی7076","put","","","","","2026-10-02T13:23:09.289+00:00","1790947389201"
"options","طملی8088","put","","","","","2026-10-02T13:23:09.289+00:00","1790947389201"
"options","طملی8089","put","","","","","2026-10-02T13:23:09.289+00:00","1790947389201"
"options","طملی8090","put","","","","","2026-10-02T13:23:09.289+00:00","1790947389201"
"options","طملی8091","put","","","","","2026-10-02T13:23:09.289+00:00","1790947389201"
"options","طملی8092","put","","","","","2026-10-02T13:23:09.289+00:00","1790947389201"
"options","طملی8093","put","","","","","2026-10-02T13:23:09.289+00:00","1790947389201"
"options","طملی8094","put","","","","","2026-10-02T13:23:09.289+00:00","1790947389201"
"options","طملی8095","put","","","","","2026-10-02T13:23:09.289+00:00","1790947389201"
"options","طملی8096","put","","","","","2026-10-02T13:23:09.289+00:00","1790947389201"
"options","طملی8097","put","","","","","2026-10-02T13:23:09.289+00:00","1790947389201"
"options","طملی8098","put","","","","","2026-10-02T13:23:09.289+00:00","1790947389201"
"options","طملی8099","put","","","","","2026-10-02T13:23:09.289+00:00","1790947389201"
"options","طملی9033","put","","","","","2026-10-02T13:23:09.289+00:00","1790947389201"
"options","طملی9034","put","","","","","2026-10-02T13:23:09.289+00:00","1790947389201"
"options","طملی9035","put","","","","","2026-10-02T13:23:09.289+00:00","1790947389201"
"options","طملی9036","put","","","","","2026-10-02T13:23:09.289+00:00","1790947389201"
"options","طملی9037","put","","","","","2026-10-02T13:23:09.289+00:00","1790947389201"
"options","طملی9038","put","","","","","2026-10-02T13:23:09.289+00:00","1790947389201"
"options","طملی9039","put","","","","","2026-10-02T13:23:09.289+00:00","1790947389201"
"options","طملی9040","put","","","","","2026-10-02T13:23:09.289+00:00","1790947389201"
"options","طملی9041","put","","","","","2026-10-02T13:23:09.289+00:00","1790947389201"
"options","طملی9042","put","","","","","2026-10-02T13:23:09.289+00:00","1790947389201"
"options","طملی9043","put","","","","","2026-10-02T13:23:09.289+00:00","1790947389201"
"options","طملی9044","put","","","","","2026-10-02T13:23:09.289+00:00","1790947389201"
"options","طملی9045","put","","","","","2026-10-02T13:23:09.289+00:00","1790947389201"
"options","طملی9046","put","","","","","2026-10-02T13:23:09.289+00:00","1790947389201"
"options","طملی9047","put","","","","","2026-10-02T13:23:09.289+00:00","1790947389201"
"options","طموج715","put","","","","","2026-10-02T13:23:09.289+00:00","1790947389201"
"options","طموج716","put","","","","","2026-10-02T13:23:09.289+00:00","1790947389201"
"options","طموج717","put","","","","","2026-10-02T13:23:09.289+00:00","1790947389201"
"options","طموج718","put","","","","","2026-10-02T13:23:09.289+00:00","1790947389201"
"options","طموج719","put","","","","","2026-10-02T13:23:09.289+00:00","1790947389201"
"options","طموج720","put","","","","","2026-10-02T13:23:09.289+00:00","1790947389201"
"options","طموج721","put","","","","","2026-10-02T13:23:09.289+00:00","1790947389201"
"options","طموج722","put","","","","","2026-10-02T13:23:09.289+00:00","1790947389201"
"options","طموج723","put","","","","","2026-10-02T13:23:09.289+00:00","1790947389201"
"options","طموج724","put","","","","","2026-10-02T13:23:09.289+00:00","1790947389201"
"options","طموج725","put","","","","","2026-10-02T13:23:09.289+00:00","1790947389201"
"options","طموج726","put","","","","","2026-10-02T13:23:09.289+00:00","1790947389201"
"options","طموج727","put","","","","","2026-10-02T13:23:09.289+00:00","1790947389201"
"options","طموج728","put","","","","","2026-10-02T13:23:09.289+00:00","1790947389201"
"options","طموج729","put","","","","","2026-10-02T13:23:09.289+00:00","1790947389201"
"options","طموج730","put","","","","","2026-10-02T13:23:09.289+00:00","1790947389201"
"options","طموج834","put","","","","","2026-10-02T13:23:09.289+00:00","1790947389201"
"options","طموج835","put","","","","","2026-10-02T13:23:09.289+00:00","1790947389201"
"options","طموج836","put","","","","","2026-10-02T13:23:09.289+00:00","1790947389201"
"options","طموج837","put","","","","","2026-10-02T13:23:09.289+00:00","1790947389201"
"options","طموج838","put","","","","","2026-10-02T13:23:09.289+00:00","1790947389201"
"options","طموج839","put","","","","","2026-10-02T13:23:09.289+00:00","1790947389201"
"options","طموج840","put","","","","","2026-10-02T13:23:09.289+00:00","1790947389201"
"options","طموج841","put","","","","","2026-10-02T13:23:09.289+00:00","1790947389201"
"options","طموج842","put","","","","","2026-10-02T13:23:09.289+00:00","1790947389201"
"options","طموج843","put","","","","","2026-10-02T13:23:09.289+00:00","1790947389201"
"options","طموج844","put","","","","","2026-10-02T13:23:09.289+00:00","1790947389201"
"options","طموج845","put","","","","","2026-10-02T13:23:09.289+00:00","1790947389201"
"options","طموج846","put","","","","","2026-10-02T13:23:09.289+00:00","1790947389201"
"options","طموج847","put","","","","","2026-10-02T13:23:09.289+00:00","1790947389201"
"options","طموج848","put","","","","","2026-10-02T13:23:09.289+00:00","1790947389201"
"options","طموج849","put","","","","","2026-10-02T13:23:09.289+00:00","1790947389201"
"options","طموج918","put","","","","","2026-10-02T13:23:09.289+00:00","1790947389201"
"options","طموج919","put","","","","","2026-10-02T13:23:09.289+00:00","1790947389201"
"options","طموج920","put","","","","","2026-10-02T13:23:09.289+00:00","1790947389201"
"options","طموج921","put","","","","","2026-10-02T13:23:09.289+00:00","1790947389201"
"options","طموج922","put","","","","","2026-10-02T13:23:09.289+00:00","1790947389201"
"options","طموج923","put","","","","","2026-10-02T13:23:09.289+00:00","1790947389201"
"options","طموج924","put","","","","","2026-10-02T13:23:09.289+00:00","1790947389201"
"options","طموج925","put","","","","","2026-10-02T13:23:09.289+00:00","1790947389201"
"options","طموج926","put","","","","","2026-10-02T13:23:09.289+00:00","1790947389201"
"options","طموج927","put","","","","","2026-10-02T13:23:09.289+00:00","1790947389201"
"options","طموج928","put","","","","","2026-10-02T13:23:09.289+00:00","1790947389201"
"options","طموج929","put","","","","","2026-10-02T13:23:09.289+00:00","1790947389201"
"options","طموج930","put","","","","","2026-10-02T13:23:09.289+00:00","1790947389201"
"options","طموج931","put","","","","","2026-10-02T13:23:09.289+00:00","1790947389201"
"options","طموج932","put","","","","","2026-10-02T13:23:09.289+00:00","1790947389201"
"options","طموج933","put","","","","","2026-10-02T13:23:09.289+00:00","1790947389201"
"options","طهرم7050","put","","","","","2026-10-02T13:23:09.289+00:00","1790947389201"
"options","طهرم7051","put","","","","","2026-10-02T13:23:09.289+00:00","1790947389201"
"options","طهرم7052","put","","","","","2026-10-02T13:23:09.289+00:00","1790947389201"
"options","طهرم7053","put","","","","","2026-10-02T13:23:09.289+00:00","1790947389201"
"options","طهرم7054","put","","","","","2026-10-02T13:23:09.289+00:00","1790947389201"
"options","طهرم7055","put","","","","","2026-10-02T13:23:09.289+00:00","1790947389201"
"options","طهرم7056","put","","","","","2026-10-02T13:23:09.289+00:00","1790947389201"
"options","طهرم7057","put","","","","","2026-10-02T13:23:09.289+00:00","1790947389201"
"options","طهرم7058","put","","","","","2026-10-02T13:23:09.289+00:00","1790947389201"
"options","طهرم7059","put","","","","","2026-10-02T13:23:09.289+00:00","1790947389201"
"options","طهرم7060","put","","","","","2026-10-02T13:23:09.289+00:00","1790947389201"
"options","طهرم7061","put","","","","","2026-10-02T13:23:09.289+00:00","1790947389201"
"options","طهرم7062","put","","","","","2026-10-02T13:23:09.289+00:00","1790947389201"
"options","طهرم7063","put","","","","","2026-10-02T13:23:09.289+00:00","1790947389201"
"options","طهرم7064","put","","","","","2026-10-02T13:23:09.289+00:00","1790947389201"
"options","طهرم7065","put","","","","","2026-10-02T13:23:09.289+00:00","1790947389201"
"options","طهرم7066","put","","","","","2026-10-02T13:23:09.289+00:00","1790947389201"
"options","طهرم8024","put","","","","","2026-10-02T13:23:09.289+00:00","1790947389201"
"options","طهرم8025","put","","","","","2026-10-02T13:23:09.289+00:00","1790947389201"
"options","طهرم8026","put","","","","","2026-10-02T13:23:09.289+00:00","1790947389201"
"options","طهرم8027","put","","","","","2026-10-02T13:23:09.289+00:00","1790947389201"
"options","طهرم8028","put","","","","","2026-10-02T13:23:09.289+00:00","1790947389201"
"options","طهرم8029","put","","","","","2026-10-02T13:23:09.289+00:00","1790947389201"
"options","طهرم8030","put","","","","","2026-10-02T13:23:09.289+00:00","1790947389201"
"options","طهرم8031","put","","","","","2026-10-02T13:23:09.289+00:00","1790947389201"
"options","طهرم8032","put","","","","","2026-10-02T13:23:09.289+00:00","1790947389201"
"options","طهرم8033","put","","","","","2026-10-02T13:23:09.289+00:00","1790947389201"
"options","طهرم8034","put","","","","","2026-10-02T13:23:09.289+00:00","1790947389201"
"options","طهرم8035","put","","","","","2026-10-02T13:23:09.289+00:00","1790947389201"
"options","طهرم8036","put","","","","","2026-10-02T13:23:09.289+00:00","1790947389201"
"options","طهرم9024","put","","","","","2026-10-02T13:23:09.289+00:00","1790947389201"
"options","طهرم9025","put","","","","","2026-10-02T13:23:09.289+00:00","1790947389201"
"options","طهرم9026","put","","","","","2026-10-02T13:23:09.289+00:00","1790947389201"
"options","طهرم9027","put","","","","","2026-10-02T13:23:09.289+00:00","1790947389201"
"options","طهرم9028","put","","","","","2026-10-02T13:23:09.289+00:00","1790947389201"
"options","طهرم9029","put","","","","","2026-10-02T13:23:09.289+00:00","1790947389201"
"options","طهرم9030","put","","","","","2026-10-02T13:23:09.289+00:00","1790947389201"
"options","طهرم9031","put","","","","","2026-10-02T13:23:09.289+00:00","1790947389201"
"options","طهرم9032","put","","","","","2026-10-02T13:23:09.289+00:00","1790947389201"
"options","طهرم9033","put","","","","","2026-10-02T13:23:09.289+00:00","1790947389201"
"options","طهرم9034","put","","","","","2026-10-02T13:23:09.289+00:00","1790947389201"
"options","طهمن7027","put","","","","","2026-10-02T13:23:09.289+00:00","1790947389201"
"options","طهمن7028","put","","","","","2026-10-02T13:23:09.289+00:00","1790947389201"
"options","طهمن7029","put","","","","","2026-10-02T13:23:09.289+00:00","1790947389201"
"options","طهمن7030","put","","","","","2026-10-02T13:23:09.289+00:00","1790947389201"
"options","طهمن7032","put","","","","","2026-10-02T13:23:09.289+00:00","1790947389201"
"options","طهمن7033","put","","","","","2026-10-02T13:23:09.289+00:00","1790947389201"
"options","طهمن7034","put","","","","","2026-10-02T13:23:09.289+00:00","1790947389201"
"options","طهمن7035","put","","","","","2026-10-02T13:23:09.289+00:00","1790947389201"
"options","طهمن7036","put","","","","","2026-10-02T13:23:09.289+00:00","1790947389201"
"options","طهمن7037","put","","","","","2026-10-02T13:23:09.289+00:00","1790947389201"
"options","طهمن7038","put","","","","","2026-10-02T13:23:09.289+00:00","1790947389201"
"options","طهمن7039","put","","","","","2026-10-02T13:23:09.289+00:00","1790947389201"
"options","طهمن9026","put","","","","","2026-10-02T13:23:09.289+00:00","1790947389201"
"options","طهمن9027","put","","","","","2026-10-02T13:23:09.289+00:00","1790947389201"
"options","طهمن9028","put","","","","","2026-10-02T13:23:09.289+00:00","1790947389201"
"options","طهمن9029","put","","","","","2026-10-02T13:23:09.289+00:00","1790947389201"
"options","طهمن9030","put","","","","","2026-10-02T13:23:09.289+00:00","1790947389201"
"options","طهمن9031","put","","","","","2026-10-02T13:23:09.289+00:00","1790947389201"
"options","طهمن9032","put","","","","","2026-10-02T13:23:09.289+00:00","1790947389201"
"options","طهمن9033","put","","","","","2026-10-02T13:23:09.289+00:00","1790947389201"
"options","طهمن9034","put","","","","","2026-10-02T13:23:09.289+00:00","1790947389201"
"options","طهمن9035","put","","","","","2026-10-02T13:23:09.289+00:00","1790947389201"
"options","طهمن9036","put","","","","","2026-10-02T13:23:09.289+00:00","1790947389201"
"options","طهمن9037","put","","","","","2026-10-02T13:23:09.289+00:00","1790947389201"
"options","طهمن9038","put","","","","","2026-10-02T13:23:09.289+00:00","1790947389201"
"stocks","آ س پ","","70","toman","","","2026-10-02T13:23:09.289+00:00","1790947389201"
"stocks","آباد","","55","toman","","","2026-10-02T13:23:09.289+00:00","1790947389201"
"stocks","آبادا","","40","toman","","","2026-10-02T13:23:09.289+00:00","1790947389201"
"stocks","آپ","","72","toman","","","2026-10-02T13:23:09.289+00:00","1790947389201"
"stocks","آردینه","","42","toman","","","2026-10-02T13:23:09.289+00:00","1790947389201"
"stocks","آرمان","","66","toman","","","2026-10-02T13:23:09.289+00:00","1790947389201"
"stocks","آریا","","44","toman","","","2026-10-02T13:23:09.289+00:00","1790947389201"
"stocks","آریان","","56","toman","","","2026-10-02T13:23:09.289+00:00","1790947389201"
"stocks","آسیا","","66","toman","","","2026-10-02T13:23:09.289+00:00","1790947389201"
"stocks","آلومینا","","27","toman","","","2026-10-02T13:23:09.289+00:00","1790947389201"
"stocks","آواپارس","","66","toman","","","2026-10-02T13:23:09.289+00:00","1790947389201"
"stocks","آواک","","73","toman","","","2026-10-02T13:23:09.289+00:00","1790947389201"
"stocks","اپال","","13","toman","","","2026-10-02T13:23:09.289+00:00","1790947389201"
"stocks","اپرداز","","73","toman","","","2026-10-02T13:23:09.289+00:00","1790947389201"
"stocks","اتکاسا","","66","toman","","","2026-10-02T13:23:09.289+00:00","1790947389201"
"stocks","اتکای","","66","toman","","","2026-10-02T13:23:09.289+00:00","1790947389201"
"stocks","احیا","","27","toman","","","2026-10-02T13:23:09.289+00:00","1790947389201"
"stocks","اخابر","","64","toman","","","2026-10-02T13:23:09.289+00:00","1790947389201"
"stocks","اخشان","","1","toman","","","2026-10-02T13:23:09.289+00:00","1790947389201"
"stocks","اردستان","","53","toman","","","2026-10-02T13:23:09.289+00:00","1790947389201"
"stocks","ارفع","","27","toman","","","2026-10-02T13:23:09.289+00:00","1790947389201"
"stocks","ارفعح","","27","toman","","","2026-10-02T13:23:09.289+00:00","1790947389201"
"stocks","اروند","","44","toman","","","2026-10-02T13:23:09.289+00:00","1790947389201"
"stocks","استقلال","","93","toman","","","2026-10-02T13:23:09.289+00:00","1790947389201"
"stocks","اسیاتک","","73","toman","","","2026-10-02T13:23:09.289+00:00","1790947389201"
"stocks","اعتلا","","56","toman","","","2026-10-02T13:23:09.289+00:00","1790947389201"
"stocks","افرا","","72","toman","","","2026-10-02T13:23:09.289+00:00","1790947389201"
"stocks","افق","","47","toman","","","2026-10-02T13:23:09.289+00:00","1790947389201"
"stocks","الکتروماد","","29","toman","","","2026-10-02T13:23:09.289+00:00","1790947389201"
"stocks","امید","","67","toman","","","2026-10-02T13:23:09.289+00:00","1790947389201"
"stocks","امین","","67","toman","","","2026-10-02T13:23:09.289+00:00","1790947389201"
"stocks","انتخاب","","29","toman","","","2026-10-02T13:23:09.289+00:00","1790947389201"
"stocks","انرژی","","67","toman","","","2026-10-02T13:23:09.289+00:00","1790947389201"
"stocks","اوان","","73","toman","","","2026-10-02T13:23:09.289+00:00","1790947389201"
"stocks","بازرگام","","73","toman","","","2026-10-02T13:23:09.289+00:00","1790947389201"
"stocks","بالاس","","45","toman","","","2026-10-02T13:23:09.289+00:00","1790947389201"
"stocks","بالبر","","31","toman","","","2026-10-02T13:23:09.289+00:00","1790947389201"
"stocks","بانیان","","31","toman","","","2026-10-02T13:23:09.289+00:00","1790947389201"
"stocks","بایکا","","31","toman","","","2026-10-02T13:23:09.289+00:00","1790947389201"
"stocks","بپاس","","66","toman","","","2026-10-02T13:23:09.289+00:00","1790947389201"
"stocks","بپردیس","","66","toman","","","2026-10-02T13:23:09.289+00:00","1790947389201"
"stocks","بپویا","","31","toman","","","2026-10-02T13:23:09.289+00:00","1790947389201"
"stocks","بپیوند","","40","toman","","","2026-10-02T13:23:09.289+00:00","1790947389201"
"stocks","بترانس","","31","toman","","","2026-10-02T13:23:09.289+00:00","1790947389201"
"stocks","بتک","","31","toman","","","2026-10-02T13:23:09.289+00:00","1790947389201"
"stocks","بتیس","","66","toman","","","2026-10-02T13:23:09.289+00:00","1790947389201"
"stocks","بجهرم","","40","toman","","","2026-10-02T13:23:09.289+00:00","1790947389201"
"stocks","بخاور","","66","toman","","","2026-10-02T13:23:09.289+00:00","1790947389201"
"stocks","برکت","","43","toman","","","2026-10-02T13:23:09.289+00:00","1790947389201"
"stocks","بزاگرس","","40","toman","","","2026-10-02T13:23:09.289+00:00","1790947389201"
"stocks","بساما","","66","toman","","","2026-10-02T13:23:09.289+00:00","1790947389201"
"stocks","بسویچ","","31","toman","","","2026-10-02T13:23:09.289+00:00","1790947389201"
"stocks","بشهاب","","31","toman","","","2026-10-02T13:23:09.289+00:00","1790947389201"
"stocks","بفجر","","40","toman","","","2026-10-02T13:23:09.289+00:00","1790947389201"
"stocks","بکاب","","31","toman","","","2026-10-02T13:23:09.289+00:00","1790947389201"
"stocks","بکابل","","31","toman","","","2026-10-02T13:23:09.289+00:00","1790947389201"
"stocks","بکام","","31","toman","","","2026-10-02T13:23:09.289+00:00","1790947389201"
"stocks","بکهنوج","","40","toman","","","2026-10-02T13:23:09.289+00:00","1790947389201"
"stocks","بگیلان","","40","toman","","","2026-10-02T13:23:09.289+00:00","1790947389201"
"stocks","بمپنا","","40","toman","","","2026-10-02T13:23:09.289+00:00","1790947389201"
"stocks","بموتو","","31","toman","","","2026-10-02T13:23:09.289+00:00","1790947389201"
"stocks","بمولد","","40","toman","","","2026-10-02T13:23:09.289+00:00","1790947389201"
"stocks","بمیلا","","46","toman","","","2026-10-02T13:23:09.289+00:00","1790947389201"
"stocks","بنو","","66","toman","","","2026-10-02T13:23:09.289+00:00","1790947389201"
"stocks","بنیرو","","31","toman","","","2026-10-02T13:23:09.289+00:00","1790947389201"
"stocks","بهامرز","","66","toman","","","2026-10-02T13:23:09.289+00:00","1790947389201"
"stocks","بهپاک","","42","toman","","","2026-10-02T13:23:09.289+00:00","1790947389201"
"stocks","بهیر","","56","toman","","","2026-10-02T13:23:09.289+00:00","1790947389201"
"stocks","بورس","","67","toman","","","2026-10-02T13:23:09.289+00:00","1790947389201"
"stocks","بوعلی","","44","toman","","","2026-10-02T13:23:09.289+00:00","1790947389201"
"stocks","بیوتیک","","43","toman","","","2026-10-02T13:23:09.289+00:00","1790947389201"
"stocks","بیوتیکح","","43","toman","","","2026-10-02T13:23:09.289+00:00","1790947389201"
"stocks","پارتا","","25","toman","","","2026-10-02T13:23:09.289+00:00","1790947389201"
"stocks","پارس","","44","toman","","","2026-10-02T13:23:09.289+00:00","1790947389201"
"stocks","پارسان","","44","toman","","","2026-10-02T13:23:09.289+00:00","1790947389201"
"stocks","پارسیان","","66","toman","","","2026-10-02T13:23:09.289+00:00","1790947389201"
"stocks","پاریز","","70","toman","","","2026-10-02T13:23:09.289+00:00","1790947389201"
"stocks","پاسا","","25","toman","","","2026-10-02T13:23:09.289+00:00","1790947389201"
"stocks","پاکشو","","44","toman","","","2026-10-02T13:23:09.289+00:00","1790947389201"
"stocks","پتایر","","25","toman","","","2026-10-02T13:23:09.289+00:00","1790947389201"
"stocks","پترول","","44","toman","","","2026-10-02T13:23:09.289+00:00","1790947389201"
"stocks","پتوسعه","","25","toman","","","2026-10-02T13:23:09.289+00:00","1790947389201"
"stocks","پخش","","43","toman","","","2026-10-02T13:23:09.289+00:00","1790947389201"
"stocks","پدرخش","","25","toman","","","2026-10-02T13:23:09.289+00:00","1790947389201"
"stocks","پرداخت","","72","toman","","","2026-10-02T13:23:09.289+00:00","1790947389201"
"stocks","پردیس","","56","toman","","","2026-10-02T13:23:09.289+00:00","1790947389201"
"stocks","پسهند","","25","toman","","","2026-10-02T13:23:09.289+00:00","1790947389201"
"stocks","پشاهن","","25","toman","","","2026-10-02T13:23:09.289+00:00","1790947389201"
"stocks","پکرمان","","25","toman","","","2026-10-02T13:23:09.289+00:00","1790947389201"
"stocks","پکویر","","25","toman","","","2026-10-02T13:23:09.289+00:00","1790947389201"
"stocks","پلاست","","25","toman","","","2026-10-02T13:23:09.289+00:00","1790947389201"
"stocks","پلاسک","","25","toman","","","2026-10-02T13:23:09.289+00:00","1790947389201"
"stocks","پلوله","","25","toman","","","2026-10-02T13:23:09.289+00:00","1790947389201"
"stocks","پی پاد","","72","toman","","","2026-10-02T13:23:09.289+00:00","1790947389201"
"stocks","پیزد","","25","toman","","","2026-10-02T13:23:09.289+00:00","1790947389201"
"stocks","تابان","","44","toman","","","2026-10-02T13:23:09.289+00:00","1790947389201"
"stocks","تاپکیش","","72","toman","","","2026-10-02T13:23:09.289+00:00","1790947389201"
"stocks","تاپکیشح","","72","toman","","","2026-10-02T13:23:09.289+00:00","1790947389201"
"stocks","تاپیکو","","44","toman","","","2026-10-02T13:23:09.289+00:00","1790947389201"
"stocks","تاتمس","","29","toman","","","2026-10-02T13:23:09.289+00:00","1790947389201"
"stocks","تادیکو","","1","toman","","","2026-10-02T13:23:09.289+00:00","1790947389201"
"stocks","تاصیکو","","13","toman","","","2026-10-02T13:23:09.289+00:00","1790947389201"
"stocks","تایرا","","29","toman","","","2026-10-02T13:23:09.289+00:00","1790947389201"
"stocks","تبرک","","42","toman","","","2026-10-02T13:23:09.289+00:00","1790947389201"
"stocks","تپسی","","72","toman","","","2026-10-02T13:23:09.289+00:00","1790947389201"
"stocks","تپکو","","29","toman","","","2026-10-02T13:23:09.289+00:00","1790947389201"
"stocks","تپولا","","74","toman","","","2026-10-02T13:23:09.289+00:00","1790947389201"
"stocks","تجلی","","13","toman","","","2026-10-02T13:23:09.289+00:00","1790947389201"
"stocks","تشتاد","","34","toman","","","2026-10-02T13:23:09.289+00:00","1790947389201"
"stocks","تفارس","","67","toman","","","2026-10-02T13:23:09.289+00:00","1790947389201"
"stocks","تفارسح","","67","toman","","","2026-10-02T13:23:09.289+00:00","1790947389201"
"stocks","تفیرو","","29","toman","","","2026-10-02T13:23:09.289+00:00","1790947389201"
"stocks","تکاردان","","67","toman","","","2026-10-02T13:23:09.289+00:00","1790947389201"
"stocks","تکمبا","","29","toman","","","2026-10-02T13:23:09.289+00:00","1790947389201"
"stocks","تکنار","","13","toman","","","2026-10-02T13:23:09.289+00:00","1790947389201"
"stocks","تکنو","","29","toman","","","2026-10-02T13:23:09.289+00:00","1790947389201"
"stocks","تکیمیا","","67","toman","","","2026-10-02T13:23:09.289+00:00","1790947389201"
"stocks","تلیسه","","1","toman","","","2026-10-02T13:23:09.289+00:00","1790947389201"
"stocks","تماوند","","67","toman","","","2026-10-02T13:23:09.289+00:00","1790947389201"
"stocks","تمحرکه","","29","toman","","","2026-10-02T13:23:09.289+00:00","1790947389201"
"stocks","تملت","","67","toman","","","2026-10-02T13:23:09.289+00:00","1790947389201"
"stocks","تنوین","","67","toman","","","2026-10-02T13:23:09.289+00:00","1790947389201"
"stocks","توریل","","60","toman","","","2026-10-02T13:23:09.289+00:00","1790947389201"
"stocks","توسن","","72","toman","","","2026-10-02T13:23:09.289+00:00","1790947389201"
"stocks","تیپیکو","","43","toman","","","2026-10-02T13:23:09.289+00:00","1790947389201"
"stocks","ثاخت","","70","toman","","","2026-10-02T13:23:09.289+00:00","1790947389201"
"stocks","ثاصفا","","70","toman","","","2026-10-02T13:23:09.289+00:00","1790947389201"
"stocks","ثالوند","","70","toman","","","2026-10-02T13:23:09.289+00:00","1790947389201"
"stocks","ثامان","","70","toman","","","2026-10-02T13:23:09.289+00:00","1790947389201"
"stocks","ثامید","","70","toman","","","2026-10-02T13:23:09.289+00:00","1790947389201"
"stocks","ثباغ","","70","toman","","","2026-10-02T13:23:09.289+00:00","1790947389201"
"stocks","ثبهساز","","70","toman","","","2026-10-02T13:23:09.289+00:00","1790947389201"
"stocks","ثپردیس","","70","toman","","","2026-10-02T13:23:09.289+00:00","1790947389201"
"stocks","ثپهران","","70","toman","","","2026-10-02T13:23:09.289+00:00","1790947389201"
"stocks","ثتران","","70","toman","","","2026-10-02T13:23:09.289+00:00","1790947389201"
"stocks","ثتوسا","","70","toman","","","2026-10-02T13:23:09.289+00:00","1790947389201"
"stocks","ثجنوب","","70","toman","","","2026-10-02T13:23:09.289+00:00","1790947389201"
"stocks","ثجوان","","70","toman","","","2026-10-02T13:23:09.289+00:00","1790947389201"
"stocks","ثرود","","70","toman","","","2026-10-02T13:23:09.289+00:00","1790947389201"
"stocks","ثزاگرس","","70","toman","","","2026-10-02T13:23:09.289+00:00","1790947389201"
"stocks","ثشرق","","70","toman","","","2026-10-02T13:23:09.289+00:00","1790947389201"
"stocks","ثعتما","","70","toman","","","2026-10-02T13:23:09.289+00:00","1790947389201"
"stocks","ثعمرا","","70","toman","","","2026-10-02T13:23:09.289+00:00","1790947389201"
"stocks","ثفارس","","70","toman","","","2026-10-02T13:23:09.289+00:00","1790947389201"
"stocks","ثقزوی","","70","toman","","","2026-10-02T13:23:09.289+00:00","1790947389201"
"stocks","ثمسکن","","70","toman","","","2026-10-02T13:23:09.289+00:00","1790947389201"
"stocks","ثنام","","70","toman","","","2026-10-02T13:23:09.289+00:00","1790947389201"
"stocks","ثنظام","","70","toman","","","2026-10-02T13:23:09.289+00:00","1790947389201"
"stocks","ثنور","","70","toman","","","2026-10-02T13:23:09.289+00:00","1790947389201"
"stocks","ثنوسا","","70","toman","","","2026-10-02T13:23:09.289+00:00","1790947389201"
"stocks","جم","","44","toman","","","2026-10-02T13:23:09.289+00:00","1790947389201"
"stocks","جم پیلن","","44","toman","","","2026-10-02T13:23:09.289+00:00","1790947389201"
"stocks","جوین","","1","toman","","","2026-10-02T13:23:09.289+00:00","1790947389201"
"stocks","چاپ","","21","toman","","","2026-10-02T13:23:09.289+00:00","1790947389201"
"stocks","چافست","","22","toman","","","2026-10-02T13:23:09.289+00:00","1790947389201"
"stocks","چخزر","","20","toman","","","2026-10-02T13:23:09.289+00:00","1790947389201"
"stocks","چدن","","28","toman","","","2026-10-02T13:23:09.289+00:00","1790947389201"
"stocks","چفیبر","","20","toman","","","2026-10-02T13:23:09.289+00:00","1790947389201"
"stocks","چکاپا","","21","toman","","","2026-10-02T13:23:09.289+00:00","1790947389201"
"stocks","چکارن","","21","toman","","","2026-10-02T13:23:09.289+00:00","1790947389201"
"stocks","چکاوه","","21","toman","","","2026-10-02T13:23:09.289+00:00","1790947389201"
"stocks","چنوپا","","20","toman","","","2026-10-02T13:23:09.289+00:00","1790947389201"
"stocks","حآسا","","60","toman","","","2026-10-02T13:23:09.289+00:00","1790947389201"
"stocks","حآفرین","","60","toman","","","2026-10-02T13:23:09.289+00:00","1790947389201"
"stocks","حبندر","","60","toman","","","2026-10-02T13:23:09.289+00:00","1790947389201"
"stocks","حپارسا","","60","toman","","","2026-10-02T13:23:09.289+00:00","1790947389201"
"stocks","حپترو","","60","toman","","","2026-10-02T13:23:09.289+00:00","1790947389201"
"stocks","حپرتو","","60","toman","","","2026-10-02T13:23:09.289+00:00","1790947389201"
"stocks","حتاید","","60","toman","","","2026-10-02T13:23:09.289+00:00","1790947389201"
"stocks","حتوکا","","60","toman","","","2026-10-02T13:23:09.289+00:00","1790947389201"
"stocks","حخزر","","61","toman","","","2026-10-02T13:23:09.289+00:00","1790947389201"
"stocks","حرهشا","","60","toman","","","2026-10-02T13:23:09.289+00:00","1790947389201"
"stocks","حریل","","60","toman","","","2026-10-02T13:23:09.289+00:00","1790947389201"
"stocks","حسیر","","60","toman","","","2026-10-02T13:23:09.289+00:00","1790947389201"
"stocks","حسینا","","60","toman","","","2026-10-02T13:23:09.289+00:00","1790947389201"
"stocks","حشکوه","","60","toman","","","2026-10-02T13:23:09.289+00:00","1790947389201"
"stocks","حفارس","","60","toman","","","2026-10-02T13:23:09.289+00:00","1790947389201"
"stocks","حفاری","","11","toman","","","2026-10-02T13:23:09.289+00:00","1790947389201"
"stocks","حکشتی","","60","toman","","","2026-10-02T13:23:09.289+00:00","1790947389201"
"stocks","حگردش","","60","toman","","","2026-10-02T13:23:09.289+00:00","1790947389201"
"stocks","حگهر","","60","toman","","","2026-10-02T13:23:09.289+00:00","1790947389201"
"stocks","حیات","","66","toman","","","2026-10-02T13:23:09.289+00:00","1790947389201"
"stocks","خاذین","","34","toman","","","2026-10-02T13:23:09.289+00:00","1790947389201"
"stocks","خاور","","34","toman","","","2026-10-02T13:23:09.289+00:00","1790947389201"
"stocks","خبازرس","","71","toman","","","2026-10-02T13:23:09.289+00:00","1790947389201"
"stocks","خبرنا","","34","toman","","","2026-10-02T13:23:09.289+00:00","1790947389201"
"stocks","خبنیان","","34","toman","","","2026-10-02T13:23:09.289+00:00","1790947389201"
"stocks","خبهمن","","34","toman","","","2026-10-02T13:23:09.289+00:00","1790947389201"
"stocks","خپارس","","34","toman","","","2026-10-02T13:23:09.289+00:00","1790947389201"
"stocks","خپویش","","34","toman","","","2026-10-02T13:23:09.289+00:00","1790947389201"
"stocks","ختراک","","34","toman","","","2026-10-02T13:23:09.289+00:00","1790947389201"
"stocks","ختور","","34","toman","","","2026-10-02T13:23:09.289+00:00","1790947389201"
"stocks","ختوقا","","34","toman","","","2026-10-02T13:23:09.289+00:00","1790947389201"
"stocks","خچرخش","","34","toman","","","2026-10-02T13:23:09.289+00:00","1790947389201"
"stocks","خدیزل","","34","toman","","","2026-10-02T13:23:09.289+00:00","1790947389201"
"stocks","خراسان","","44","toman","","","2026-10-02T13:23:09.289+00:00","1790947389201"
"stocks","خریخت","","34","toman","","","2026-10-02T13:23:09.289+00:00","1790947389201"
"stocks","خریختح","","34","toman","","","2026-10-02T13:23:09.289+00:00","1790947389201"
"stocks","خرینگ","","34","toman","","","2026-10-02T13:23:09.289+00:00","1790947389201"
"stocks","خزامیا","","34","toman","","","2026-10-02T13:23:09.289+00:00","1790947389201"
"stocks","خزر","","34","toman","","","2026-10-02T13:23:09.289+00:00","1790947389201"
"stocks","خساپا","","34","toman","","","2026-10-02T13:23:09.289+00:00","1790947389201"
"stocks","خشرق","","34","toman","","","2026-10-02T13:23:09.289+00:00","1790947389201"
"stocks","خصدرا","","45","toman","","","2026-10-02T13:23:09.289+00:00","1790947389201"
"stocks","خعمرا","","34","toman","","","2026-10-02T13:23:09.289+00:00","1790947389201"
"stocks","خفناور","","34","toman","","","2026-10-02T13:23:09.289+00:00","1790947389201"
"stocks","خفنر","","34","toman","","","2026-10-02T13:23:09.289+00:00","1790947389201"
"stocks","خکار","","34","toman","","","2026-10-02T13:23:09.289+00:00","1790947389201"
"stocks","خکاوه","","34","toman","","","2026-10-02T13:23:09.289+00:00","1790947389201"
"stocks","خکرمان","","34","toman","","","2026-10-02T13:23:09.289+00:00","1790947389201"
"stocks","خکمک","","34","toman","","","2026-10-02T13:23:09.289+00:00","1790947389201"
"stocks","خگستر","","34","toman","","","2026-10-02T13:23:09.289+00:00","1790947389201"
"stocks","خگلپا","","34","toman","","","2026-10-02T13:23:09.289+00:00","1790947389201"
"stocks","خلنت","","34","toman","","","2026-10-02T13:23:09.289+00:00","1790947389201"
"stocks","خلیبل","","34","toman","","","2026-10-02T13:23:09.289+00:00","1790947389201"
"stocks","خمحور","","34","toman","","","2026-10-02T13:23:09.289+00:00","1790947389201"
"stocks","خمهر","","34","toman","","","2026-10-02T13:23:09.289+00:00","1790947389201"
"stocks","خموتور","","34","toman","","","2026-10-02T13:23:09.289+00:00","1790947389201"
"stocks","خنصیر","","34","toman","","","2026-10-02T13:23:09.289+00:00","1790947389201"
"stocks","خنور","","34","toman","","","2026-10-02T13:23:09.289+00:00","1790947389201"
"stocks","خنورح","","34","toman","","","2026-10-02T13:23:09.289+00:00","1790947389201"
"stocks","خودرو","","34","toman","","","2026-10-02T13:23:09.289+00:00","1790947389201"
"stocks","خودکفا","","42","toman","","","2026-10-02T13:23:09.289+00:00","1790947389201"
"stocks","خوساز","","34","toman","","","2026-10-02T13:23:09.289+00:00","1790947389201"
"stocks","خیمن","","34","toman","","","2026-10-02T13:23:09.289+00:00","1790947389201"
"stocks","دابور","","43","toman","","","2026-10-02T13:23:09.289+00:00","1790947389201"
"stocks","داتام","","56","toman","","","2026-10-02T13:23:09.289+00:00","1790947389201"
"stocks","داترا","","43","toman","","","2026-10-02T13:23:09.289+00:00","1790947389201"
"stocks","دارو","","43","toman","","","2026-10-02T13:23:09.289+00:00","1790947389201"
"stocks","داروند","","43","toman","","","2026-10-02T13:23:09.289+00:00","1790947389201"
"stocks","داسوه","","43","toman","","","2026-10-02T13:23:09.289+00:00","1790947389201"
"stocks","دالبر","","43","toman","","","2026-10-02T13:23:09.289+00:00","1790947389201"
"stocks","دامین","","43","toman","","","2026-10-02T13:23:09.289+00:00","1790947389201"
"stocks","دانا","","66","toman","","","2026-10-02T13:23:09.289+00:00","1790947389201"
"stocks","داوه","","43","toman","","","2026-10-02T13:23:09.289+00:00","1790947389201"
"stocks","دبالک","","43","toman","","","2026-10-02T13:23:09.289+00:00","1790947389201"
"stocks","دپارس","","43","toman","","","2026-10-02T13:23:09.289+00:00","1790947389201"
"stocks","دتماد","","43","toman","","","2026-10-02T13:23:09.289+00:00","1790947389201"
"stocks","دتوزیع","","43","toman","","","2026-10-02T13:23:09.289+00:00","1790947389201"
"stocks","دتولید","","43","toman","","","2026-10-02T13:23:09.289+00:00","1790947389201"
"stocks","دجابر","","43","toman","","","2026-10-02T13:23:09.289+00:00","1790947389201"
"stocks","دحاوی","","43","toman","","","2026-10-02T13:23:09.289+00:00","1790947389201"
"stocks","ددام","","43","toman","","","2026-10-02T13:23:09.289+00:00","1790947389201"
"stocks","ددانا","","43","toman","","","2026-10-02T13:23:09.289+00:00","1790947389201"
"stocks","درازک","","43","toman","","","2026-10-02T13:23:09.289+00:00","1790947389201"
"stocks","درازی","","43","toman","","","2026-10-02T13:23:09.289+00:00","1790947389201"
"stocks","درهآور","","43","toman","","","2026-10-02T13:23:09.289+00:00","1790947389201"
"stocks","دروز","","43","toman","","","2026-10-02T13:23:09.289+00:00","1790947389201"
"stocks","دزاگرس","","43","toman","","","2026-10-02T13:23:09.289+00:00","1790947389201"
"stocks","دزهراوی","","43","toman","","","2026-10-02T13:23:09.289+00:00","1790947389201"
"stocks","دسانکو","","43","toman","","","2026-10-02T13:23:09.289+00:00","1790947389201"
"stocks","دسبحا","","43","toman","","","2026-10-02T13:23:09.289+00:00","1790947389201"
"stocks","دسبحان","","43","toman","","","2026-10-02T13:23:09.289+00:00","1790947389201"
"stocks","دسینا","","43","toman","","","2026-10-02T13:23:09.289+00:00","1790947389201"
"stocks","دشیری","","43","toman","","","2026-10-02T13:23:09.289+00:00","1790947389201"
"stocks","دشیمی","","43","toman","","","2026-10-02T13:23:09.289+00:00","1790947389201"
"stocks","دعبید","","43","toman","","","2026-10-02T13:23:09.289+00:00","1790947389201"
"stocks","دفارا","","43","toman","","","2026-10-02T13:23:09.289+00:00","1790947389201"
"stocks","دفرا","","43","toman","","","2026-10-02T13:23:09.289+00:00","1790947389201"
"stocks","دقاضی","","43","toman","","","2026-10-02T13:23:09.289+00:00","1790947389201"
"stocks","دکپسول","","43","toman","","","2026-10-02T13:23:09.289+00:00","1790947389201"
"stocks","دکوثر","","43","toman","","","2026-10-02T13:23:09.289+00:00","1790947389201"
"stocks","دکیمی","","43","toman","","","2026-10-02T13:23:09.289+00:00","1790947389201"
"stocks","دلر","","43","toman","","","2026-10-02T13:23:09.289+00:00","1790947389201"
"stocks","دلقما","","43","toman","","","2026-10-02T13:23:09.289+00:00","1790947389201"
"stocks","دماوند","","40","toman","","","2026-10-02T13:23:09.289+00:00","1790947389201"
"stocks","دهدشت","","44","toman","","","2026-10-02T13:23:09.289+00:00","1790947389201"
"stocks","دیران","","43","toman","","","2026-10-02T13:23:09.289+00:00","1790947389201"
"stocks","ذرت","","42","toman","","","2026-10-02T13:23:09.289+00:00","1790947389201"
"stocks","ذوب","","27","toman","","","2026-10-02T13:23:09.289+00:00","1790947389201"
"stocks","رافزا","","72","toman","","","2026-10-02T13:23:09.289+00:00","1790947389201"
"stocks","رانفور","","72","toman","","","2026-10-02T13:23:09.289+00:00","1790947389201"
"stocks","رانیز","","34","toman","","","2026-10-02T13:23:09.289+00:00","1790947389201"
"stocks","رایا","","66","toman","","","2026-10-02T13:23:09.289+00:00","1790947389201"
"stocks","رپویا","","72","toman","","","2026-10-02T13:23:09.289+00:00","1790947389201"
"stocks","رتاپ","","72","toman","","","2026-10-02T13:23:09.289+00:00","1790947389201"
"stocks","رتکو","","74","toman","","","2026-10-02T13:23:09.289+00:00","1790947389201"
"stocks","رفاه","","47","toman","","","2026-10-02T13:23:09.289+00:00","1790947389201"
"stocks","رکیش","","72","toman","","","2026-10-02T13:23:09.289+00:00","1790947389201"
"stocks","رنیک","","74","toman","","","2026-10-02T13:23:09.289+00:00","1790947389201"
"stocks","ریشمک","","43","toman","","","2026-10-02T13:23:09.289+00:00","1790947389201"
"stocks","زاگرس","","44","toman","","","2026-10-02T13:23:09.289+00:00","1790947389201"
"stocks","زبینا","","1","toman","","","2026-10-02T13:23:09.289+00:00","1790947389201"
"stocks","زپارس","","1","toman","","","2026-10-02T13:23:09.289+00:00","1790947389201"
"stocks","زدشت","","1","toman","","","2026-10-02T13:23:09.289+00:00","1790947389201"
"stocks","زشریف","","1","toman","","","2026-10-02T13:23:09.289+00:00","1790947389201"
"stocks","زشگزا","","1","toman","","","2026-10-02T13:23:09.289+00:00","1790947389201"
"stocks","زفارس","","1","toman","","","2026-10-02T13:23:09.289+00:00","1790947389201"
"stocks","زفجر","","1","toman","","","2026-10-02T13:23:09.289+00:00","1790947389201"
"stocks","زفکا","","1","toman","","","2026-10-02T13:23:09.289+00:00","1790947389201"
"stocks","زقیام","","1","toman","","","2026-10-02T13:23:09.289+00:00","1790947389201"
"stocks","زکشت","","1","toman","","","2026-10-02T13:23:09.289+00:00","1790947389201"
"stocks","زکوثر","","1","toman","","","2026-10-02T13:23:09.289+00:00","1790947389201"
"stocks","زگلدشت","","1","toman","","","2026-10-02T13:23:09.289+00:00","1790947389201"
"stocks","زماهان","","1","toman","","","2026-10-02T13:23:09.289+00:00","1790947389201"
"stocks","زمگسا","","1","toman","","","2026-10-02T13:23:09.289+00:00","1790947389201"
"stocks","زملارد","","1","toman","","","2026-10-02T13:23:09.289+00:00","1790947389201"
"stocks","زنجان","","44","toman","","","2026-10-02T13:23:09.289+00:00","1790947389201"
"stocks","زهلال","","1","toman","","","2026-10-02T13:23:09.289+00:00","1790947389201"
"stocks","سآبیک","","53","toman","","","2026-10-02T13:23:09.289+00:00","1790947389201"
"stocks","ساذری","","54","toman","","","2026-10-02T13:23:09.289+00:00","1790947389201"
"stocks","ساراب","","53","toman","","","2026-10-02T13:23:09.289+00:00","1790947389201"
"stocks","ساربیل","","53","toman","","","2026-10-02T13:23:09.289+00:00","1790947389201"
"stocks","ساروج","","53","toman","","","2026-10-02T13:23:09.289+00:00","1790947389201"
"stocks","ساروم","","53","toman","","","2026-10-02T13:23:09.289+00:00","1790947389201"
"stocks","سامان","","57","toman","","","2026-10-02T13:23:09.289+00:00","1790947389201"
"stocks","ساوه","","53","toman","","","2026-10-02T13:23:09.289+00:00","1790947389201"
"stocks","ساینا","","44","toman","","","2026-10-02T13:23:09.289+00:00","1790947389201"
"stocks","سباقر","","53","toman","","","2026-10-02T13:23:09.289+00:00","1790947389201"
"stocks","سبجنو","","53","toman","","","2026-10-02T13:23:09.289+00:00","1790947389201"
"stocks","سبزوا","","53","toman","","","2026-10-02T13:23:09.289+00:00","1790947389201"
"stocks","سبهان","","53","toman","","","2026-10-02T13:23:09.289+00:00","1790947389201"
"stocks","سپ","","72","toman","","","2026-10-02T13:23:09.289+00:00","1790947389201"
"stocks","سپاها","","53","toman","","","2026-10-02T13:23:09.289+00:00","1790947389201"
"stocks","سپید","","1","toman","","","2026-10-02T13:23:09.289+00:00","1790947389201"
"stocks","سپیدار","","72","toman","","","2026-10-02T13:23:09.289+00:00","1790947389201"
"stocks","ستران","","53","toman","","","2026-10-02T13:23:09.289+00:00","1790947389201"
"stocks","سجام","","53","toman","","","2026-10-02T13:23:09.289+00:00","1790947389201"
"stocks","سخاش","","53","toman","","","2026-10-02T13:23:09.289+00:00","1790947389201"
"stocks","سخزر","","53","toman","","","2026-10-02T13:23:09.289+00:00","1790947389201"
"stocks","سخواف","","53","toman","","","2026-10-02T13:23:09.289+00:00","1790947389201"
"stocks","سخوز","","53","toman","","","2026-10-02T13:23:09.289+00:00","1790947389201"
"stocks","سدبیر","","56","toman","","","2026-10-02T13:23:09.289+00:00","1790947389201"
"stocks","سدشت","","53","toman","","","2026-10-02T13:23:09.289+00:00","1790947389201"
"stocks","سدور","","53","toman","","","2026-10-02T13:23:09.289+00:00","1790947389201"
"stocks","سرچشمه","","56","toman","","","2026-10-02T13:23:09.289+00:00","1790947389201"
"stocks","سرود","","53","toman","","","2026-10-02T13:23:09.289+00:00","1790947389201"
"stocks","سشرق","","53","toman","","","2026-10-02T13:23:09.289+00:00","1790947389201"
"stocks","سشمال","","53","toman","","","2026-10-02T13:23:09.289+00:00","1790947389201"
"stocks","سصوفی","","53","toman","","","2026-10-02T13:23:09.289+00:00","1790947389201"
"stocks","سغدیر","","53","toman","","","2026-10-02T13:23:09.289+00:00","1790947389201"
"stocks","سغرب","","53","toman","","","2026-10-02T13:23:09.289+00:00","1790947389201"
"stocks","سفار","","53","toman","","","2026-10-02T13:23:09.289+00:00","1790947389201"
"stocks","سفارس","","53","toman","","","2026-10-02T13:23:09.289+00:00","1790947389201"
"stocks","سفارود","","54","toman","","","2026-10-02T13:23:09.289+00:00","1790947389201"
"stocks","سفاسی","","54","toman","","","2026-10-02T13:23:09.289+00:00","1790947389201"
"stocks","سفانو","","53","toman","","","2026-10-02T13:23:09.289+00:00","1790947389201"
"stocks","سقاین","","53","toman","","","2026-10-02T13:23:09.289+00:00","1790947389201"
"stocks","سکارون","","53","toman","","","2026-10-02T13:23:09.289+00:00","1790947389201"
"stocks","سکرد","","53","toman","","","2026-10-02T13:23:09.289+00:00","1790947389201"
"stocks","سکرما","","53","toman","","","2026-10-02T13:23:09.289+00:00","1790947389201"
"stocks","سلار","","53","toman","","","2026-10-02T13:23:09.289+00:00","1790947389201"
"stocks","سلیم","","56","toman","","","2026-10-02T13:23:09.289+00:00","1790947389201"
"stocks","سمازن","","53","toman","","","2026-10-02T13:23:09.289+00:00","1790947389201"
"stocks","سمایه","","57","toman","","","2026-10-02T13:23:09.289+00:00","1790947389201"
"stocks","سمتاز","","53","toman","","","2026-10-02T13:23:09.289+00:00","1790947389201"
"stocks","سمگا","","55","toman","","","2026-10-02T13:23:09.289+00:00","1790947389201"
"stocks","سمهریز","","53","toman","","","2026-10-02T13:23:09.289+00:00","1790947389201"
"stocks","سنوین","","56","toman","","","2026-10-02T13:23:09.289+00:00","1790947389201"
"stocks","سنیر","","53","toman","","","2026-10-02T13:23:09.289+00:00","1790947389201"
"stocks","سهرمز","","53","toman","","","2026-10-02T13:23:09.289+00:00","1790947389201"
"stocks","سهگمت","","53","toman","","","2026-10-02T13:23:09.289+00:00","1790947389201"
"stocks","سیتا","","53","toman","","","2026-10-02T13:23:09.289+00:00","1790947389201"
"stocks","سیدکو","","53","toman","","","2026-10-02T13:23:09.289+00:00","1790947389201"
"stocks","سیستم","","72","toman","","","2026-10-02T13:23:09.289+00:00","1790947389201"
"stocks","سیسکو","","27","toman","","","2026-10-02T13:23:09.289+00:00","1790947389201"
"stocks","سیلام","","53","toman","","","2026-10-02T13:23:09.289+00:00","1790947389201"
"stocks","سیمرغ","","1","toman","","","2026-10-02T13:23:09.289+00:00","1790947389201"
"stocks","شاراک","","44","toman","","","2026-10-02T13:23:09.289+00:00","1790947389201"
"stocks","شارپیلن","","44","toman","","","2026-10-02T13:23:09.289+00:00","1790947389201"
"stocks","شاروم","","44","toman","","","2026-10-02T13:23:09.289+00:00","1790947389201"
"stocks","شاملا","","44","toman","","","2026-10-02T13:23:09.289+00:00","1790947389201"
"stocks","شاوان","","23","toman","","","2026-10-02T13:23:09.289+00:00","1790947389201"
"stocks","شبریز","","23","toman","","","2026-10-02T13:23:09.289+00:00","1790947389201"
"stocks","شبصیر","","44","toman","","","2026-10-02T13:23:09.289+00:00","1790947389201"
"stocks","شبندر","","23","toman","","","2026-10-02T13:23:09.289+00:00","1790947389201"
"stocks","شبهرن","","23","toman","","","2026-10-02T13:23:09.289+00:00","1790947389201"
"stocks","شپارس","","44","toman","","","2026-10-02T13:23:09.289+00:00","1790947389201"
"stocks","شپاس","","23","toman","","","2026-10-02T13:23:09.289+00:00","1790947389201"
"stocks","شپاکسا","","44","toman","","","2026-10-02T13:23:09.289+00:00","1790947389201"
"stocks","شپاکساح","","44","toman","","","2026-10-02T13:23:09.289+00:00","1790947389201"
"stocks","شپترو","","44","toman","","","2026-10-02T13:23:09.289+00:00","1790947389201"
"stocks","شپدیس","","44","toman","","","2026-10-02T13:23:09.289+00:00","1790947389201"
"stocks","شپلی","","44","toman","","","2026-10-02T13:23:09.289+00:00","1790947389201"
"stocks","شپنا","","23","toman","","","2026-10-02T13:23:09.289+00:00","1790947389201"
"stocks","شتران","","23","toman","","","2026-10-02T13:23:09.289+00:00","1790947389201"
"stocks","شتوکا","","44","toman","","","2026-10-02T13:23:09.289+00:00","1790947389201"
"stocks","شجم","","44","toman","","","2026-10-02T13:23:09.289+00:00","1790947389201"
"stocks","شدوص","","44","toman","","","2026-10-02T13:23:09.289+00:00","1790947389201"
"stocks","شراز","","23","toman","","","2026-10-02T13:23:09.289+00:00","1790947389201"
"stocks","شرانل","","23","toman","","","2026-10-02T13:23:09.289+00:00","1790947389201"
"stocks","شرنگی","","44","toman","","","2026-10-02T13:23:09.289+00:00","1790947389201"
"stocks","شساخت","","11","toman","","","2026-10-02T13:23:09.289+00:00","1790947389201"
"stocks","شسپا","","23","toman","","","2026-10-02T13:23:09.289+00:00","1790947389201"
"stocks","شستا","","39","toman","","","2026-10-02T13:23:09.289+00:00","1790947389201"
"stocks","شستان","","44","toman","","","2026-10-02T13:23:09.289+00:00","1790947389201"
"stocks","شسینا","","44","toman","","","2026-10-02T13:23:09.289+00:00","1790947389201"
"stocks","شصدف","","44","toman","","","2026-10-02T13:23:09.289+00:00","1790947389201"
"stocks","شصفها","","44","toman","","","2026-10-02T13:23:09.289+00:00","1790947389201"
"stocks","شغدیر","","44","toman","","","2026-10-02T13:23:09.289+00:00","1790947389201"
"stocks","شفا","","43","toman","","","2026-10-02T13:23:09.289+00:00","1790947389201"
"stocks","شفارا","","44","toman","","","2026-10-02T13:23:09.289+00:00","1790947389201"
"stocks","شفارس","","44","toman","","","2026-10-02T13:23:09.289+00:00","1790947389201"
"stocks","شفام","","44","toman","","","2026-10-02T13:23:09.289+00:00","1790947389201"
"stocks","شفن","","44","toman","","","2026-10-02T13:23:09.289+00:00","1790947389201"
"stocks","شکام","","44","toman","","","2026-10-02T13:23:09.289+00:00","1790947389201"
"stocks","شکبیر","","44","toman","","","2026-10-02T13:23:09.289+00:00","1790947389201"
"stocks","شکربن","","44","toman","","","2026-10-02T13:23:09.289+00:00","1790947389201"
"stocks","شکلر","","44","toman","","","2026-10-02T13:23:09.289+00:00","1790947389201"
"stocks","شکیمیا","","44","toman","","","2026-10-02T13:23:09.289+00:00","1790947389201"
"stocks","شگامرن","","44","toman","","","2026-10-02T13:23:09.289+00:00","1790947389201"
"stocks","شگستر","","44","toman","","","2026-10-02T13:23:09.289+00:00","1790947389201"
"stocks","شگل","","44","toman","","","2026-10-02T13:23:09.289+00:00","1790947389201"
"stocks","شگویا","","44","toman","","","2026-10-02T13:23:09.289+00:00","1790947389201"
"stocks","شلرد","","44","toman","","","2026-10-02T13:23:09.289+00:00","1790947389201"
"stocks","شلعاب","","44","toman","","","2026-10-02T13:23:09.289+00:00","1790947389201"
"stocks","شلیا","","54","toman","","","2026-10-02T13:23:09.289+00:00","1790947389201"
"stocks","شمس","","40","toman","","","2026-10-02T13:23:09.289+00:00","1790947389201"
"stocks","شملی","","44","toman","","","2026-10-02T13:23:09.289+00:00","1790947389201"
"stocks","شمواد","","44","toman","","","2026-10-02T13:23:09.289+00:00","1790947389201"
"stocks","شنفت","","23","toman","","","2026-10-02T13:23:09.289+00:00","1790947389201"
"stocks","شهر","","56","toman","","","2026-10-02T13:23:09.289+00:00","1790947389201"
"stocks","شوینده","","44","toman","","","2026-10-02T13:23:09.289+00:00","1790947389201"
"stocks","شیراز","","44","toman","","","2026-10-02T13:23:09.289+00:00","1790947389201"
"stocks","شیران","","44","toman","","","2026-10-02T13:23:09.289+00:00","1790947389201"
"stocks","شیفته","","42","toman","","","2026-10-02T13:23:09.289+00:00","1790947389201"
"stocks","صبا","","56","toman","","","2026-10-02T13:23:09.289+00:00","1790947389201"
"stocks","عالیس","","42","toman","","","2026-10-02T13:23:09.289+00:00","1790947389201"
"stocks","غاذر","","42","toman","","","2026-10-02T13:23:09.289+00:00","1790947389201"
"stocks","غالبر","","42","toman","","","2026-10-02T13:23:09.289+00:00","1790947389201"
"stocks","غانیزان","","42","toman","","","2026-10-02T13:23:09.289+00:00","1790947389201"
"stocks","غبشهر","","42","toman","","","2026-10-02T13:23:09.289+00:00","1790947389201"
"stocks","غبهار","","42","toman","","","2026-10-02T13:23:09.289+00:00","1790947389201"
"stocks","غبهنوش","","42","toman","","","2026-10-02T13:23:09.289+00:00","1790947389201"
"stocks","غپآذر","","42","toman","","","2026-10-02T13:23:09.289+00:00","1790947389201"
"stocks","غپاک","","42","toman","","","2026-10-02T13:23:09.289+00:00","1790947389201"
"stocks","غپونه","","42","toman","","","2026-10-02T13:23:09.289+00:00","1790947389201"
"stocks","غپینو","","42","toman","","","2026-10-02T13:23:09.289+00:00","1790947389201"
"stocks","غچین","","42","toman","","","2026-10-02T13:23:09.289+00:00","1790947389201"
"stocks","غدانه","","42","toman","","","2026-10-02T13:23:09.289+00:00","1790947389201"
"stocks","غدشت","","42","toman","","","2026-10-02T13:23:09.289+00:00","1790947389201"
"stocks","غدیس","","42","toman","","","2026-10-02T13:23:09.289+00:00","1790947389201"
"stocks","غزر","","42","toman","","","2026-10-02T13:23:09.289+00:00","1790947389201"
"stocks","غزنجان","","42","toman","","","2026-10-02T13:23:09.289+00:00","1790947389201"
"stocks","غسالم","","42","toman","","","2026-10-02T13:23:09.289+00:00","1790947389201"
"stocks","غشاذر","","42","toman","","","2026-10-02T13:23:09.289+00:00","1790947389201"
"stocks","غشان","","42","toman","","","2026-10-02T13:23:09.289+00:00","1790947389201"
"stocks","غشصفا","","42","toman","","","2026-10-02T13:23:09.289+00:00","1790947389201"
"stocks","غشهد","","42","toman","","","2026-10-02T13:23:09.289+00:00","1790947389201"
"stocks","غشهداب","","42","toman","","","2026-10-02T13:23:09.289+00:00","1790947389201"
"stocks","غصینو","","42","toman","","","2026-10-02T13:23:09.289+00:00","1790947389201"
"stocks","غفارس","","42","toman","","","2026-10-02T13:23:09.289+00:00","1790947389201"
"stocks","غکورش","","42","toman","","","2026-10-02T13:23:09.289+00:00","1790947389201"
"stocks","غگرجی","","42","toman","","","2026-10-02T13:23:09.289+00:00","1790947389201"
"stocks","غگز","","42","toman","","","2026-10-02T13:23:09.289+00:00","1790947389201"
"stocks","غگل","","42","toman","","","2026-10-02T13:23:09.289+00:00","1790947389201"
"stocks","غگلپا","","42","toman","","","2026-10-02T13:23:09.289+00:00","1790947389201"
"stocks","غگلستا","","42","toman","","","2026-10-02T13:23:09.289+00:00","1790947389201"
"stocks","غمارگ","","42","toman","","","2026-10-02T13:23:09.289+00:00","1790947389201"
"stocks","غمایه","","42","toman","","","2026-10-02T13:23:09.289+00:00","1790947389201"
"stocks","غمهرا","","42","toman","","","2026-10-02T13:23:09.289+00:00","1790947389201"
"stocks","غمینو","","42","toman","","","2026-10-02T13:23:09.289+00:00","1790947389201"
"stocks","غناب","","42","toman","","","2026-10-02T13:23:09.289+00:00","1790947389201"
"stocks","غنوش","","42","toman","","","2026-10-02T13:23:09.289+00:00","1790947389201"
"stocks","غنیلی","","42","toman","","","2026-10-02T13:23:09.289+00:00","1790947389201"
"stocks","غویتا","","42","toman","","","2026-10-02T13:23:09.289+00:00","1790947389201"
"stocks","فاذر","","28","toman","","","2026-10-02T13:23:09.289+00:00","1790947389201"
"stocks","فاراک","","28","toman","","","2026-10-02T13:23:09.289+00:00","1790947389201"
"stocks","فارس","","44","toman","","","2026-10-02T13:23:09.289+00:00","1790947389201"
"stocks","فاسمین","","27","toman","","","2026-10-02T13:23:09.289+00:00","1790947389201"
"stocks","فافزا","","27","toman","","","2026-10-02T13:23:09.289+00:00","1790947389201"
"stocks","فافق","","27","toman","","","2026-10-02T13:23:09.289+00:00","1790947389201"
"stocks","فالوم","","27","toman","","","2026-10-02T13:23:09.289+00:00","1790947389201"
"stocks","فاما","","28","toman","","","2026-10-02T13:23:09.289+00:00","1790947389201"
"stocks","فاهواز","","27","toman","","","2026-10-02T13:23:09.289+00:00","1790947389201"
"stocks","فایرا","","27","toman","","","2026-10-02T13:23:09.289+00:00","1790947389201"
"stocks","فباهنر","","27","toman","","","2026-10-02T13:23:09.289+00:00","1790947389201"
"stocks","فبستم","","28","toman","","","2026-10-02T13:23:09.289+00:00","1790947389201"
"stocks","فبیرا","","28","toman","","","2026-10-02T13:23:09.289+00:00","1790947389201"
"stocks","فپنتا","","27","toman","","","2026-10-02T13:23:09.289+00:00","1790947389201"
"stocks","فتوسا","","27","toman","","","2026-10-02T13:23:09.289+00:00","1790947389201"
"stocks","فجام","","28","toman","","","2026-10-02T13:23:09.289+00:00","1790947389201"
"stocks","فجر","","27","toman","","","2026-10-02T13:23:09.289+00:00","1790947389201"
"stocks","فجهان","","27","toman","","","2026-10-02T13:23:09.289+00:00","1790947389201"
"stocks","فجوش","","28","toman","","","2026-10-02T13:23:09.289+00:00","1790947389201"
"stocks","فخاس","","27","toman","","","2026-10-02T13:23:09.289+00:00","1790947389201"
"stocks","فخوز","","27","toman","","","2026-10-02T13:23:09.289+00:00","1790947389201"
"stocks","فرآور","","27","toman","","","2026-10-02T13:23:09.289+00:00","1790947389201"
"stocks","فرابورس","","67","toman","","","2026-10-02T13:23:09.289+00:00","1790947389201"
"stocks","فرود","","27","toman","","","2026-10-02T13:23:09.289+00:00","1790947389201"
"stocks","فروژ","","27","toman","","","2026-10-02T13:23:09.289+00:00","1790947389201"
"stocks","فروس","","27","toman","","","2026-10-02T13:23:09.289+00:00","1790947389201"
"stocks","فروسیل","","27","toman","","","2026-10-02T13:23:09.289+00:00","1790947389201"
"stocks","فروی","","27","toman","","","2026-10-02T13:23:09.289+00:00","1790947389201"
"stocks","فرویح","","27","toman","","","2026-10-02T13:23:09.289+00:00","1790947389201"
"stocks","فزر","","13","toman","","","2026-10-02T13:23:09.289+00:00","1790947389201"
"stocks","فزرین","","27","toman","","","2026-10-02T13:23:09.289+00:00","1790947389201"
"stocks","فسا","","44","toman","","","2026-10-02T13:23:09.289+00:00","1790947389201"
"stocks","فسازان","","27","toman","","","2026-10-02T13:23:09.289+00:00","1790947389201"
"stocks","فسبزوار","","27","toman","","","2026-10-02T13:23:09.289+00:00","1790947389201"
"stocks","فسپا","","27","toman","","","2026-10-02T13:23:09.289+00:00","1790947389201"
"stocks","فسدید","","27","toman","","","2026-10-02T13:23:09.289+00:00","1790947389201"
"stocks","فسرب","","27","toman","","","2026-10-02T13:23:09.289+00:00","1790947389201"
"stocks","فسوژ","","27","toman","","","2026-10-02T13:23:09.289+00:00","1790947389201"
"stocks","فصبا","","27","toman","","","2026-10-02T13:23:09.289+00:00","1790947389201"
"stocks","فطلوع","","27","toman","","","2026-10-02T13:23:09.289+00:00","1790947389201"
"stocks","فغدیر","","27","toman","","","2026-10-02T13:23:09.289+00:00","1790947389201"
"stocks","فکمند","","28","toman","","","2026-10-02T13:23:09.289+00:00","1790947389201"
"stocks","فگستر","","27","toman","","","2026-10-02T13:23:09.289+00:00","1790947389201"
"stocks","فلامی","","28","toman","","","2026-10-02T13:23:09.289+00:00","1790947389201"
"stocks","فلوله","","27","toman","","","2026-10-02T13:23:09.289+00:00","1790947389201"
"stocks","فماک","","27","toman","","","2026-10-02T13:23:09.289+00:00","1790947389201"
"stocks","فمراد","","27","toman","","","2026-10-02T13:23:09.289+00:00","1790947389201"
"stocks","فملی","","27","toman","","","2026-10-02T13:23:09.289+00:00","1790947389201"
"stocks","فن آوا","","72","toman","","","2026-10-02T13:23:09.289+00:00","1790947389201"
"stocks","فن افزار","","72","toman","","","2026-10-02T13:23:09.289+00:00","1790947389201"
"stocks","فنر","","34","toman","","","2026-10-02T13:23:09.289+00:00","1790947389201"
"stocks","فنفت","","27","toman","","","2026-10-02T13:23:09.289+00:00","1790947389201"
"stocks","فنقره","","27","toman","","","2026-10-02T13:23:09.289+00:00","1790947389201"
"stocks","فنوال","","27","toman","","","2026-10-02T13:23:09.289+00:00","1790947389201"
"stocks","فنورد","","27","toman","","","2026-10-02T13:23:09.289+00:00","1790947389201"
"stocks","فهامون","","27","toman","","","2026-10-02T13:23:09.289+00:00","1790947389201"
"stocks","فوکا","","27","toman","","","2026-10-02T13:23:09.289+00:00","1790947389201"
"stocks","فولاد","","27","toman","","","2026-10-02T13:23:09.289+00:00","1790947389201"
"stocks","فولاژ","","27","toman","","","2026-10-02T13:23:09.289+00:00","1790947389201"
"stocks","فولای","","27","toman","","","2026-10-02T13:23:09.289+00:00","1790947389201"
"stocks","قاروم","","38","toman","","","2026-10-02T13:23:09.289+00:00","1790947389201"
"stocks","قاسم","","47","toman","","","2026-10-02T13:23:09.289+00:00","1790947389201"
"stocks","قپیرا","","38","toman","","","2026-10-02T13:23:09.289+00:00","1790947389201"
"stocks","قتربت","","38","toman","","","2026-10-02T13:23:09.289+00:00","1790947389201"
"stocks","قثابت","","38","toman","","","2026-10-02T13:23:09.289+00:00","1790947389201"
"stocks","قجام","","38","toman","","","2026-10-02T13:23:09.289+00:00","1790947389201"
"stocks","قچار","","38","toman","","","2026-10-02T13:23:09.289+00:00","1790947389201"
"stocks","قرن","","44","toman","","","2026-10-02T13:23:09.289+00:00","1790947389201"
"stocks","قزوین","","38","toman","","","2026-10-02T13:23:09.289+00:00","1790947389201"
"stocks","قشرین","","38","toman","","","2026-10-02T13:23:09.289+00:00","1790947389201"
"stocks","قشکر","","38","toman","","","2026-10-02T13:23:09.289+00:00","1790947389201"
"stocks","قشهد","","38","toman","","","2026-10-02T13:23:09.289+00:00","1790947389201"
"stocks","قشیر","","38","toman","","","2026-10-02T13:23:09.289+00:00","1790947389201"
"stocks","قصفها","","38","toman","","","2026-10-02T13:23:09.289+00:00","1790947389201"
"stocks","قلرست","","38","toman","","","2026-10-02T13:23:09.289+00:00","1790947389201"
"stocks","قمرو","","38","toman","","","2026-10-02T13:23:09.289+00:00","1790947389201"
"stocks","قنقش","","38","toman","","","2026-10-02T13:23:09.289+00:00","1790947389201"
"stocks","قنیشا","","38","toman","","","2026-10-02T13:23:09.289+00:00","1790947389201"
"stocks","قهکمت","","38","toman","","","2026-10-02T13:23:09.289+00:00","1790947389201"
"stocks","قیستو","","38","toman","","","2026-10-02T13:23:09.289+00:00","1790947389201"
"stocks","کابگن","","54","toman","","","2026-10-02T13:23:09.289+00:00","1790947389201"
"stocks","کاذر","","54","toman","","","2026-10-02T13:23:09.289+00:00","1790947389201"
"stocks","کارام","","49","toman","","","2026-10-02T13:23:09.289+00:00","1790947389201"
"stocks","کاریز","","66","toman","","","2026-10-02T13:23:09.289+00:00","1790947389201"
"stocks","کازرو","","44","toman","","","2026-10-02T13:23:09.289+00:00","1790947389201"
"stocks","کاسپین","","43","toman","","","2026-10-02T13:23:09.289+00:00","1790947389201"
"stocks","کالا","","67","toman","","","2026-10-02T13:23:09.289+00:00","1790947389201"
"stocks","کاما","","13","toman","","","2026-10-02T13:23:09.289+00:00","1790947389201"
"stocks","کانسار","","14","toman","","","2026-10-02T13:23:09.289+00:00","1790947389201"
"stocks","کایتا","","54","toman","","","2026-10-02T13:23:09.289+00:00","1790947389201"
"stocks","کایزد","","54","toman","","","2026-10-02T13:23:09.289+00:00","1790947389201"
"stocks","کباده","","54","toman","","","2026-10-02T13:23:09.289+00:00","1790947389201"
"stocks","کبافق","","13","toman","","","2026-10-02T13:23:09.289+00:00","1790947389201"
"stocks","کپارس","","49","toman","","","2026-10-02T13:23:09.289+00:00","1790947389201"
"stocks","کپرسپولیس","","49","toman","","","2026-10-02T13:23:09.289+00:00","1790947389201"
"stocks","کپرور","","10","toman","","","2026-10-02T13:23:09.289+00:00","1790947389201"
"stocks","کپشیر","","54","toman","","","2026-10-02T13:23:09.289+00:00","1790947389201"
"stocks","کترام","","49","toman","","","2026-10-02T13:23:09.289+00:00","1790947389201"
"stocks","کتوسعه","","14","toman","","","2026-10-02T13:23:09.289+00:00","1790947389201"
"stocks","کتوکا","","54","toman","","","2026-10-02T13:23:09.289+00:00","1790947389201"
"stocks","کچاد","","13","toman","","","2026-10-02T13:23:09.289+00:00","1790947389201"
"stocks","کحافظ","","49","toman","","","2026-10-02T13:23:09.289+00:00","1790947389201"
"stocks","کخاک","","54","toman","","","2026-10-02T13:23:09.289+00:00","1790947389201"
"stocks","کدما","","13","toman","","","2026-10-02T13:23:09.289+00:00","1790947389201"
"stocks","کرازی","","54","toman","","","2026-10-02T13:23:09.289+00:00","1790947389201"
"stocks","کربن","","10","toman","","","2026-10-02T13:23:09.289+00:00","1790947389201"
"stocks","کرماشا","","44","toman","","","2026-10-02T13:23:09.289+00:00","1790947389201"
"stocks","کرمان","","70","toman","","","2026-10-02T13:23:09.289+00:00","1790947389201"
"stocks","کرومیت","","13","toman","","","2026-10-02T13:23:09.289+00:00","1790947389201"
"stocks","کروی","","13","toman","","","2026-10-02T13:23:09.289+00:00","1790947389201"
"stocks","کزغال","","10","toman","","","2026-10-02T13:23:09.289+00:00","1790947389201"
"stocks","کساپا","","54","toman","","","2026-10-02T13:23:09.289+00:00","1790947389201"
"stocks","کساوه","","49","toman","","","2026-10-02T13:23:09.289+00:00","1790947389201"
"stocks","کسرا","","54","toman","","","2026-10-02T13:23:09.289+00:00","1790947389201"
"stocks","کسرام","","54","toman","","","2026-10-02T13:23:09.289+00:00","1790947389201"
"stocks","کشرق","","10","toman","","","2026-10-02T13:23:09.289+00:00","1790947389201"
"stocks","کصدف","","49","toman","","","2026-10-02T13:23:09.289+00:00","1790947389201"
"stocks","کطبس","","10","toman","","","2026-10-02T13:23:09.289+00:00","1790947389201"
"stocks","کفپارس","","54","toman","","","2026-10-02T13:23:09.289+00:00","1790947389201"
"stocks","کفرآور","","54","toman","","","2026-10-02T13:23:09.289+00:00","1790947389201"
"stocks","کفرا","","54","toman","","","2026-10-02T13:23:09.289+00:00","1790947389201"
"stocks","کقزوی","","54","toman","","","2026-10-02T13:23:09.289+00:00","1790947389201"
"stocks","کگاز","","54","toman","","","2026-10-02T13:23:09.289+00:00","1790947389201"
"stocks","کگل","","13","toman","","","2026-10-02T13:23:09.289+00:00","1790947389201"
"stocks","کگهر","","13","toman","","","2026-10-02T13:23:09.289+00:00","1790947389201"
"stocks","کلر","","44","toman","","","2026-10-02T13:23:09.289+00:00","1790947389201"
"stocks","کلوند","","49","toman","","","2026-10-02T13:23:09.289+00:00","1790947389201"
"stocks","کماسه","","14","toman","","","2026-10-02T13:23:09.289+00:00","1790947389201"
"stocks","کمرجان","","54","toman","","","2026-10-02T13:23:09.289+00:00","1790947389201"
"stocks","کمنگنز","","13","toman","","","2026-10-02T13:23:09.289+00:00","1790947389201"
"stocks","کمینا","","54","toman","","","2026-10-02T13:23:09.289+00:00","1790947389201"
"stocks","کنور","","13","toman","","","2026-10-02T13:23:09.289+00:00","1790947389201"
"stocks","کهرام","","49","toman","","","2026-10-02T13:23:09.289+00:00","1790947389201"
"stocks","کهمدا","","54","toman","","","2026-10-02T13:23:09.289+00:00","1790947389201"
"stocks","کوثر","","66","toman","","","2026-10-02T13:23:09.289+00:00","1790947389201"
"stocks","کوچین","","42","toman","","","2026-10-02T13:23:09.289+00:00","1790947389201"
"stocks","کورز","","54","toman","","","2026-10-02T13:23:09.289+00:00","1790947389201"
"stocks","کولان","","21","toman","","","2026-10-02T13:23:09.289+00:00","1790947389201"
"stocks","کویر","","27","toman","","","2026-10-02T13:23:09.289+00:00","1790947389201"
"stocks","کی بی سی","","43","toman","","","2026-10-02T13:23:09.289+00:00","1790947389201"
"stocks","کیا","","28","toman","","","2026-10-02T13:23:09.289+00:00","1790947389201"
"stocks","کیانا","","56","toman","","","2026-10-02T13:23:09.289+00:00","1790947389201"
"stocks","کیسون","","74","toman","","","2026-10-02T13:23:09.289+00:00","1790947389201"
"stocks","کیمازی","","43","toman","","","2026-10-02T13:23:09.289+00:00","1790947389201"
"stocks","کیمیا","","27","toman","","","2026-10-02T13:23:09.289+00:00","1790947389201"
"stocks","کیمیاتک","","44","toman","","","2026-10-02T13:23:09.289+00:00","1790947389201"
"stocks","گپارس","","55","toman","","","2026-10-02T13:23:09.289+00:00","1790947389201"
"stocks","گدنا","","55","toman","","","2026-10-02T13:23:09.289+00:00","1790947389201"
"stocks","گشان","","55","toman","","","2026-10-02T13:23:09.289+00:00","1790947389201"
"stocks","گکوثر","","55","toman","","","2026-10-02T13:23:09.289+00:00","1790947389201"
"stocks","گکیش","","55","toman","","","2026-10-02T13:23:09.289+00:00","1790947389201"
"stocks","گنگین","","39","toman","","","2026-10-02T13:23:09.289+00:00","1790947389201"
"stocks","گوهران","","56","toman","","","2026-10-02T13:23:09.289+00:00","1790947389201"
"stocks","لابسا","","29","toman","","","2026-10-02T13:23:09.289+00:00","1790947389201"
"stocks","لازما","","29","toman","","","2026-10-02T13:23:09.289+00:00","1790947389201"
"stocks","لبن","","1","toman","","","2026-10-02T13:23:09.289+00:00","1790947389201"
"stocks","لبوتان","","29","toman","","","2026-10-02T13:23:09.289+00:00","1790947389201"
"stocks","لپارس","","32","toman","","","2026-10-02T13:23:09.289+00:00","1790947389201"
"stocks","لپیام","","32","toman","","","2026-10-02T13:23:09.289+00:00","1790947389201"
"stocks","لخزر","","29","toman","","","2026-10-02T13:23:09.289+00:00","1790947389201"
"stocks","لسرما","","29","toman","","","2026-10-02T13:23:09.289+00:00","1790947389201"
"stocks","لطیف","","21","toman","","","2026-10-02T13:23:09.289+00:00","1790947389201"
"stocks","لکما","","32","toman","","","2026-10-02T13:23:09.289+00:00","1790947389201"
"stocks","لوتوس","","67","toman","","","2026-10-02T13:23:09.289+00:00","1790947389201"
"stocks","ما","","66","toman","","","2026-10-02T13:23:09.289+00:00","1790947389201"
"stocks","مادیرا","","26","toman","","","2026-10-02T13:23:09.289+00:00","1790947389201"
"stocks","مارون","","44","toman","","","2026-10-02T13:23:09.289+00:00","1790947389201"
"stocks","مبین","","40","toman","","","2026-10-02T13:23:09.289+00:00","1790947389201"
"stocks","محتشم","","17","toman","","","2026-10-02T13:23:09.289+00:00","1790947389201"
"stocks","مداران","","72","toman","","","2026-10-02T13:23:09.289+00:00","1790947389201"
"stocks","مدیریت","","56","toman","","","2026-10-02T13:23:09.289+00:00","1790947389201"
"stocks","معیار","","56","toman","","","2026-10-02T13:23:09.289+00:00","1790947389201"
"stocks","معین","","66","toman","","","2026-10-02T13:23:09.289+00:00","1790947389201"
"stocks","ملت","","66","toman","","","2026-10-02T13:23:09.289+00:00","1790947389201"
"stocks","ممسنی","","44","toman","","","2026-10-02T13:23:09.289+00:00","1790947389201"
"stocks","منجیل","","40","toman","","","2026-10-02T13:23:09.289+00:00","1790947389201"
"stocks","مهر","","56","toman","","","2026-10-02T13:23:09.289+00:00","1790947389201"
"stocks","مهرگان","","56","toman","","","2026-10-02T13:23:09.289+00:00","1790947389201"
"stocks","مهرمام","","84","toman","","","2026-10-02T13:23:09.289+00:00","1790947389201"
"stocks","میدکو","","27","toman","","","2026-10-02T13:23:09.289+00:00","1790947389201"
"stocks","میهن","","66","toman","","","2026-10-02T13:23:09.289+00:00","1790947389201"
"stocks","ناما","","34","toman","","","2026-10-02T13:23:09.289+00:00","1790947389201"
"stocks","نان","","42","toman","","","2026-10-02T13:23:09.289+00:00","1790947389201"
"stocks","نبابک","","17","toman","","","2026-10-02T13:23:09.289+00:00","1790947389201"
"stocks","نتوس","","17","toman","","","2026-10-02T13:23:09.289+00:00","1790947389201"
"stocks","نخریس","","17","toman","","","2026-10-02T13:23:09.289+00:00","1790947389201"
"stocks","نطرین","","17","toman","","","2026-10-02T13:23:09.289+00:00","1790947389201"
"stocks","نماد","","56","toman","","","2026-10-02T13:23:09.289+00:00","1790947389201"
"stocks","نمرینو","","17","toman","","","2026-10-02T13:23:09.289+00:00","1790947389201"
"stocks","نوری","","44","toman","","","2026-10-02T13:23:09.289+00:00","1790947389201"
"stocks","نوین","","66","toman","","","2026-10-02T13:23:09.289+00:00","1790947389201"
"stocks","نیان","","26","toman","","","2026-10-02T13:23:09.289+00:00","1790947389201"
"stocks","نیروترانسفو","","31","toman","","","2026-10-02T13:23:09.289+00:00","1790947389201"
"stocks","نیشکر","","38","toman","","","2026-10-02T13:23:09.289+00:00","1790947389201"
"stocks","هانیکو","","28","toman","","","2026-10-02T13:23:09.289+00:00","1790947389201"
"stocks","های وب","","73","toman","","","2026-10-02T13:23:09.289+00:00","1790947389201"
"stocks","هجرت","","43","toman","","","2026-10-02T13:23:09.289+00:00","1790947389201"
"stocks","هرمز","","27","toman","","","2026-10-02T13:23:09.289+00:00","1790947389201"
"stocks","همراه","","64","toman","","","2026-10-02T13:23:09.289+00:00","1790947389201"
"stocks","وآذر","","70","toman","","","2026-10-02T13:23:09.289+00:00","1790947389201"
"stocks","وآرین","","56","toman","","","2026-10-02T13:23:09.289+00:00","1790947389201"
"stocks","وآفر","","56","toman","","","2026-10-02T13:23:09.289+00:00","1790947389201"
"stocks","وآفری","","66","toman","","","2026-10-02T13:23:09.289+00:00","1790947389201"
"stocks","وآوا","","56","toman","","","2026-10-02T13:23:09.289+00:00","1790947389201"
"stocks","واتی","","56","toman","","","2026-10-02T13:23:09.289+00:00","1790947389201"
"stocks","واحصا","","56","toman","","","2026-10-02T13:23:09.289+00:00","1790947389201"
"stocks","واحیا","","56","toman","","","2026-10-02T13:23:09.289+00:00","1790947389201"
"stocks","واعتبار","","56","toman","","","2026-10-02T13:23:09.289+00:00","1790947389201"
"stocks","والبر","","43","toman","","","2026-10-02T13:23:09.289+00:00","1790947389201"
"stocks","والماس","","56","toman","","","2026-10-02T13:23:09.289+00:00","1790947389201"
"stocks","وامید","","39","toman","","","2026-10-02T13:23:09.289+00:00","1790947389201"
"stocks","وامیر","","13","toman","","","2026-10-02T13:23:09.289+00:00","1790947389201"
"stocks","وامین","","56","toman","","","2026-10-02T13:23:09.289+00:00","1790947389201"
"stocks","وایرا","","56","toman","","","2026-10-02T13:23:09.289+00:00","1790947389201"
"stocks","وایران","","58","toman","","","2026-10-02T13:23:09.289+00:00","1790947389201"
"stocks","وبانک","","39","toman","","","2026-10-02T13:23:09.289+00:00","1790947389201"
"stocks","وبرق","","56","toman","","","2026-10-02T13:23:09.289+00:00","1790947389201"
"stocks","وبشهر","","42","toman","","","2026-10-02T13:23:09.289+00:00","1790947389201"
"stocks","وبشهرح","","42","toman","","","2026-10-02T13:23:09.289+00:00","1790947389201"
"stocks","وبصادر","","57","toman","","","2026-10-02T13:23:09.289+00:00","1790947389201"
"stocks","وبملت","","57","toman","","","2026-10-02T13:23:09.289+00:00","1790947389201"
"stocks","وبهمن","","56","toman","","","2026-10-02T13:23:09.289+00:00","1790947389201"
"stocks","وبوعلی","","56","toman","","","2026-10-02T13:23:09.289+00:00","1790947389201"
"stocks","وبیمه","","56","toman","","","2026-10-02T13:23:09.289+00:00","1790947389201"
"stocks","وپارس","","57","toman","","","2026-10-02T13:23:09.289+00:00","1790947389201"
"stocks","وپاسار","","57","toman","","","2026-10-02T13:23:09.289+00:00","1790947389201"
"stocks","وپایا","","56","toman","","","2026-10-02T13:23:09.289+00:00","1790947389201"
"stocks","وپترو","","44","toman","","","2026-10-02T13:23:09.289+00:00","1790947389201"
"stocks","وپخش","","43","toman","","","2026-10-02T13:23:09.289+00:00","1790947389201"
"stocks","وپسا","","45","toman","","","2026-10-02T13:23:09.289+00:00","1790947389201"
"stocks","وپست","","57","toman","","","2026-10-02T13:23:09.289+00:00","1790947389201"
"stocks","وتجارت","","57","toman","","","2026-10-02T13:23:09.289+00:00","1790947389201"
"stocks","وتعاون","","66","toman","","","2026-10-02T13:23:09.289+00:00","1790947389201"
"stocks","وتوس","","70","toman","","","2026-10-02T13:23:09.289+00:00","1790947389201"
"stocks","وتوسکا","","56","toman","","","2026-10-02T13:23:09.289+00:00","1790947389201"
"stocks","وتوسم","","56","toman","","","2026-10-02T13:23:09.289+00:00","1790947389201"
"stocks","وتوسمح","","56","toman","","","2026-10-02T13:23:09.289+00:00","1790947389201"
"stocks","وتوشه","","29","toman","","","2026-10-02T13:23:09.289+00:00","1790947389201"
"stocks","وتوصا","","56","toman","","","2026-10-02T13:23:09.289+00:00","1790947389201"
"stocks","وتوکا","","27","toman","","","2026-10-02T13:23:09.289+00:00","1790947389201"
"stocks","وثخوز","","70","toman","","","2026-10-02T13:23:09.289+00:00","1790947389201"
"stocks","وثنو","","56","toman","","","2026-10-02T13:23:09.289+00:00","1790947389201"
"stocks","وثوق","","56","toman","","","2026-10-02T13:23:09.289+00:00","1790947389201"
"stocks","وجامی","","56","toman","","","2026-10-02T13:23:09.289+00:00","1790947389201"
"stocks","وحافظ","","66","toman","","","2026-10-02T13:23:09.289+00:00","1790947389201"
"stocks","وحکمت","","66","toman","","","2026-10-02T13:23:09.289+00:00","1790947389201"
"stocks","وخارزم","","56","toman","","","2026-10-02T13:23:09.289+00:00","1790947389201"
"stocks","وخاور","","57","toman","","","2026-10-02T13:23:09.289+00:00","1790947389201"
"stocks","ودی","","66","toman","","","2026-10-02T13:23:09.289+00:00","1790947389201"
"stocks","ورازی","","66","toman","","","2026-10-02T13:23:09.289+00:00","1790947389201"
"stocks","ورنا","","34","toman","","","2026-10-02T13:23:09.289+00:00","1790947389201"
"stocks","وساپا","","56","toman","","","2026-10-02T13:23:09.289+00:00","1790947389201"
"stocks","وساخت","","70","toman","","","2026-10-02T13:23:09.289+00:00","1790947389201"
"stocks","وسالت","","57","toman","","","2026-10-02T13:23:09.289+00:00","1790947389201"
"stocks","وسبحان","","56","toman","","","2026-10-02T13:23:09.289+00:00","1790947389201"
"stocks","وسپه","","56","toman","","","2026-10-02T13:23:09.289+00:00","1790947389201"
"stocks","وسپهر","","39","toman","","","2026-10-02T13:23:09.289+00:00","1790947389201"
"stocks","وسدید","","27","toman","","","2026-10-02T13:23:09.289+00:00","1790947389201"
"stocks","وسرمد","","66","toman","","","2026-10-02T13:23:09.289+00:00","1790947389201"
"stocks","وسکاب","","56","toman","","","2026-10-02T13:23:09.289+00:00","1790947389201"
"stocks","وسنا","","56","toman","","","2026-10-02T13:23:09.289+00:00","1790947389201"
"stocks","وسینا","","57","toman","","","2026-10-02T13:23:09.289+00:00","1790947389201"
"stocks","وصنا","","56","toman","","","2026-10-02T13:23:09.289+00:00","1790947389201"
"stocks","وصندوق","","39","toman","","","2026-10-02T13:23:09.289+00:00","1790947389201"
"stocks","وصنعت","","56","toman","","","2026-10-02T13:23:09.289+00:00","1790947389201"
"stocks","وطوبی","","56","toman","","","2026-10-02T13:23:09.289+00:00","1790947389201"
"stocks","وغدیر","","39","toman","","","2026-10-02T13:23:09.289+00:00","1790947389201"
"stocks","وفتخار","","56","toman","","","2026-10-02T13:23:09.289+00:00","1790947389201"
"stocks","وفیروزه","","56","toman","","","2026-10-02T13:23:09.289+00:00","1790947389201"
"stocks","وکار","","57","toman","","","2026-10-02T13:23:09.289+00:00","1790947389201"
"stocks","وکبهمن","","56","toman","","","2026-10-02T13:23:09.289+00:00","1790947389201"
"stocks","وکغدیر","","39","toman","","","2026-10-02T13:23:09.289+00:00","1790947389201"
"stocks","وگردش","","57","toman","","","2026-10-02T13:23:09.289+00:00","1790947389201"
"stocks","وگستر","","56","toman","","","2026-10-02T13:23:09.289+00:00","1790947389201"
"stocks","ولانا","","58","toman","","","2026-10-02T13:23:09.289+00:00","1790947389201"
"stocks","ولاناح","","58","toman","","","2026-10-02T13:23:09.289+00:00","1790947389201"
"stocks","ولبهمن","","58","toman","","","2026-10-02T13:23:09.289+00:00","1790947389201"
"stocks","ولپارس","","58","toman","","","2026-10-02T13:23:09.289+00:00","1790947389201"
"stocks","ولتجار","","58","toman","","","2026-10-02T13:23:09.289+00:00","1790947389201"
"stocks","ولساپا","","58","toman","","","2026-10-02T13:23:09.289+00:00","1790947389201"
"stocks","ولشرق","","58","toman","","","2026-10-02T13:23:09.289+00:00","1790947389201"
"stocks","ولصنم","","58","toman","","","2026-10-02T13:23:09.289+00:00","1790947389201"
"stocks","ولغدر","","58","toman","","","2026-10-02T13:23:09.289+00:00","1790947389201"
"stocks","ولقمان","","56","toman","","","2026-10-02T13:23:09.289+00:00","1790947389201"
"stocks","ولکار","","58","toman","","","2026-10-02T13:23:09.289+00:00","1790947389201"
"stocks","ولنوین","","58","toman","","","2026-10-02T13:23:09.289+00:00","1790947389201"
"stocks","ولیز","","58","toman","","","2026-10-02T13:23:09.289+00:00","1790947389201"
"stocks","ومپنا","","40","toman","","","2026-10-02T13:23:09.289+00:00","1790947389201"
"stocks","ومدیر","","56","toman","","","2026-10-02T13:23:09.289+00:00","1790947389201"
"stocks","ومشان","","56","toman","","","2026-10-02T13:23:09.289+00:00","1790947389201"
"stocks","ومعادن","","13","toman","","","2026-10-02T13:23:09.289+00:00","1790947389201"
"stocks","ومعلم","","66","toman","","","2026-10-02T13:23:09.289+00:00","1790947389201"
"stocks","وملت","","56","toman","","","2026-10-02T13:23:09.289+00:00","1790947389201"
"stocks","وملی","","19","toman","","","2026-10-02T13:23:09.289+00:00","1790947389201"
"stocks","ومهان","","56","toman","","","2026-10-02T13:23:09.289+00:00","1790947389201"
"stocks","ونفت","","23","toman","","","2026-10-02T13:23:09.289+00:00","1790947389201"
"stocks","ونوین","","57","toman","","","2026-10-02T13:23:09.289+00:00","1790947389201"
"stocks","ونیرو","","40","toman","","","2026-10-02T13:23:09.289+00:00","1790947389201"
"stocks","ونیکی","","39","toman","","","2026-10-02T13:23:09.289+00:00","1790947389201"
"stocks","ونیکیح","","39","toman","","","2026-10-02T13:23:09.289+00:00","1790947389201"
"stocks","وهامون","","56","toman","","","2026-10-02T13:23:09.289+00:00","1790947389201"
"stocks","وهنر","","90","toman","","","2026-10-02T13:23:09.289+00:00","1790947389201"
"stocks","وهور","","40","toman","","","2026-10-02T13:23:09.289+00:00","1790947389201"
"stocks","ویسا","","56","toman","","","2026-10-02T13:23:09.289+00:00","1790947389201"
